Filename,Clique leader prefix,CURIE prefix,Previous,Current,Absolute change,Percent change,Summary
Protein,UniProtKB,UniProtKB,253706683,149881839,-103824844,-40.9%,"103,824,844 fewer UniProtKB identifiers in Protein cliques led by UniProtKB"
Gene,NCBIGene,NCBIGene,61965428,70201057,8235629,+13.3%,"8,235,629 more NCBIGene identifiers in Gene cliques led by NCBIGene"
SmallMolecule,PUBCHEM.COMPOUND,INCHIKEY,104132990,111532924,7399934,+7.1%,"7,399,934 more INCHIKEY identifiers in SmallMolecule cliques led by PUBCHEM.COMPOUND"
Protein,UniProtKB,ENSEMBL,19666567,16737814,-2928753,-14.9%,"2,928,753 fewer ENSEMBL identifiers in Protein cliques led by UniProtKB"
MolecularMixture,PUBCHEM.COMPOUND,INCHIKEY,9808252,11577457,1769205,+18.0%,"1,769,205 more INCHIKEY identifiers in MolecularMixture cliques led by PUBCHEM.COMPOUND"
Publication,PMID,PMID,39165656,40819774,1654118,+4.2%,"1,654,118 more PMID identifiers in Publication cliques led by PMID"
Publication,PMID,doi,30244747,31884189,1639442,+5.4%,"1,639,442 more doi identifiers in Publication cliques led by PMID"
ChemicalEntity,PUBCHEM.COMPOUND,PUBCHEM.COMPOUND,1647436,14115,-1633321,-99.1%,"1,633,321 fewer PUBCHEM.COMPOUND identifiers in ChemicalEntity cliques led by PUBCHEM.COMPOUND"
ChemicalEntity,PUBCHEM.COMPOUND,INCHIKEY,1645289,14095,-1631194,-99.1%,"1,631,194 fewer INCHIKEY identifiers in ChemicalEntity cliques led by PUBCHEM.COMPOUND"
SmallMolecule,PUBCHEM.COMPOUND,PUBCHEM.COMPOUND,110418245,111949385,1531140,+1.4%,"1,531,140 more PUBCHEM.COMPOUND identifiers in SmallMolecule cliques led by PUBCHEM.COMPOUND"
Protein,ENSEMBL,ENSEMBL,1614135,3052956,1438821,+89.1%,"1,438,821 more ENSEMBL identifiers in Protein cliques led by ENSEMBL"
Publication,PMID,PMC,10363570,11265870,902300,+8.7%,"902,300 more PMC identifiers in Publication cliques led by PMID"
Gene,MGI,MGI,39799,577746,537947,+1351.7%,"537,947 more MGI identifiers in Gene cliques led by MGI"
SmallMolecule,PUBCHEM.COMPOUND,CHEMBL.COMPOUND,2176855,2593171,416316,+19.1%,"416,316 more CHEMBL.COMPOUND identifiers in SmallMolecule cliques led by PUBCHEM.COMPOUND"
Gene,NCBIGene,ENSEMBL,13220523,13607551,387028,+2.9%,"387,028 more ENSEMBL identifiers in Gene cliques led by NCBIGene"
umls,UMLS,UMLS,897846,1274014,376168,+41.9%,"376,168 more UMLS identifiers in umls cliques led by UMLS"
PhenotypicFeature,UMLS,UMLS,328353,14832,-313521,-95.5%,"313,521 fewer UMLS identifiers in PhenotypicFeature cliques led by UMLS"
SmallMolecule,PUBCHEM.COMPOUND,CAS,3674235,3976404,302169,+8.2%,"302,169 more CAS identifiers in SmallMolecule cliques led by PUBCHEM.COMPOUND"
MolecularMixture,PUBCHEM.COMPOUND,PUBCHEM.COMPOUND,11572175,11768872,196697,+1.7%,"196,697 more PUBCHEM.COMPOUND identifiers in MolecularMixture cliques led by PUBCHEM.COMPOUND"
OrganismTaxon,NCBITaxon,NCBITaxon,2691993,2859704,167711,+6.2%,"167,711 more NCBITaxon identifiers in OrganismTaxon cliques led by NCBITaxon"
Gene,ENSEMBL,ENSEMBL,3579085,3677365,98280,+2.7%,"98,280 more ENSEMBL identifiers in Gene cliques led by ENSEMBL"
ChemicalEntity,CHEMBL.COMPOUND,INCHIKEY,128913,32356,-96557,-74.9%,"96,557 fewer INCHIKEY identifiers in ChemicalEntity cliques led by CHEMBL.COMPOUND"
SmallMolecule,CHEMBL.COMPOUND,CHEMBL.COMPOUND,676,91553,90877,+13443.3%,"90,877 more CHEMBL.COMPOUND identifiers in SmallMolecule cliques led by CHEMBL.COMPOUND"
SmallMolecule,CHEMBL.COMPOUND,INCHIKEY,661,90720,90059,+13624.7%,"90,059 more INCHIKEY identifiers in SmallMolecule cliques led by CHEMBL.COMPOUND"
ChemicalEntity,MESH,MESH,168448,84823,-83625,-49.6%,"83,625 fewer MESH identifiers in ChemicalEntity cliques led by MESH"
ChemicalEntity,CHEMBL.COMPOUND,CHEMBL.COMPOUND,134470,54691,-79779,-59.3%,"79,779 fewer CHEMBL.COMPOUND identifiers in ChemicalEntity cliques led by CHEMBL.COMPOUND"
Gene,NCBIGene,RGD,303125,352076,48951,+16.1%,"48,951 more RGD identifiers in Gene cliques led by NCBIGene"
PhenotypicFeature,UMLS,SNOMEDCT,43586,2295,-41291,-94.7%,"41,291 fewer SNOMEDCT identifiers in PhenotypicFeature cliques led by UMLS"
SmallMolecule,UNII,CAS,57995,92076,34081,+58.8%,"34,081 more CAS identifiers in SmallMolecule cliques led by UNII"
OrganismTaxon,UMLS,UMLS,711588,745560,33972,+4.8%,"33,972 more UMLS identifiers in OrganismTaxon cliques led by UMLS"
ChemicalEntity,UNII,UNII,54628,23966,-30662,-56.1%,"30,662 fewer UNII identifiers in ChemicalEntity cliques led by UNII"
SmallMolecule,UNII,PUBCHEM.COMPOUND,48983,76457,27474,+56.1%,"27,474 more PUBCHEM.COMPOUND identifiers in SmallMolecule cliques led by UNII"
SmallMolecule,UNII,INCHIKEY,48339,75482,27143,+56.2%,"27,143 more INCHIKEY identifiers in SmallMolecule cliques led by UNII"
SmallMolecule,UNII,UNII,48388,75520,27132,+56.1%,"27,132 more UNII identifiers in SmallMolecule cliques led by UNII"
MacromolecularComplex,ComplexPortal,ComplexPortal,1258,20579,19321,+1535.9%,"19,321 more ComplexPortal identifiers in MacromolecularComplex cliques led by ComplexPortal"
PhenotypicFeature,NCIT,UMLS,19506,334,-19172,-98.3%,"19,172 fewer UMLS identifiers in PhenotypicFeature cliques led by NCIT"
ChemicalEntity,CHEBI,CHEBI,11528,29095,17567,+152.4%,"17,567 more CHEBI identifiers in ChemicalEntity cliques led by CHEBI"
SmallMolecule,CHEBI,CHEBI,202766,186978,-15788,-7.8%,"15,788 fewer CHEBI identifiers in SmallMolecule cliques led by CHEBI"
PhenotypicFeature,MP,MP,0,14750,14750,NEW,"14,750 new MP identifiers in PhenotypicFeature cliques led by MP"
PhenotypicFeature,UMLS,MEDDRA,16523,2311,-14212,-86.0%,"14,212 fewer MEDDRA identifiers in PhenotypicFeature cliques led by UMLS"
MolecularMixture,PUBCHEM.COMPOUND,CAS,284023,297690,13667,+4.8%,"13,667 more CAS identifiers in MolecularMixture cliques led by PUBCHEM.COMPOUND"
Protein,UMLS,NCIT,0,6574,6574,NEW,"6,574 new NCIT identifiers in Protein cliques led by UMLS"
MolecularMixture,UNII,PUBCHEM.COMPOUND,19237,25728,6491,+33.7%,"6,491 more PUBCHEM.COMPOUND identifiers in MolecularMixture cliques led by UNII"
Protein,UniProtKB,NCIT,0,6429,6429,NEW,"6,429 new NCIT identifiers in Protein cliques led by UniProtKB"
ChemicalEntity,CHEBI,INCHIKEY,184,6372,6188,+3363.0%,"6,188 more INCHIKEY identifiers in ChemicalEntity cliques led by CHEBI"
Disease,UMLS,UMLS,327157,332989,5832,+1.8%,"5,832 more UMLS identifiers in Disease cliques led by UMLS"
ChemicalEntity,UMLS,UMLS,148737,154397,5660,+3.8%,"5,660 more UMLS identifiers in ChemicalEntity cliques led by UMLS"
SmallMolecule,UNII,CHEMBL.COMPOUND,15230,20876,5646,+37.1%,"5,646 more CHEMBL.COMPOUND identifiers in SmallMolecule cliques led by UNII"
MolecularMixture,UNII,CAS,16958,22174,5216,+30.8%,"5,216 more CAS identifiers in MolecularMixture cliques led by UNII"
MolecularMixture,UNII,INCHIKEY,14903,19375,4472,+30.0%,"4,472 more INCHIKEY identifiers in MolecularMixture cliques led by UNII"
MolecularMixture,UNII,UNII,14915,19383,4468,+30.0%,"4,468 more UNII identifiers in MolecularMixture cliques led by UNII"
MolecularMixture,PUBCHEM.COMPOUND,CHEMBL.COMPOUND,105848,110307,4459,+4.2%,"4,459 more CHEMBL.COMPOUND identifiers in MolecularMixture cliques led by PUBCHEM.COMPOUND"
PhenotypicFeature,HP,UMLS,17958,13527,-4431,-24.7%,"4,431 fewer UMLS identifiers in PhenotypicFeature cliques led by HP"
ChemicalEntity,UMLS,RXCUI,9969,14355,4386,+44.0%,"4,386 more RXCUI identifiers in ChemicalEntity cliques led by UMLS"
Drug,UMLS,UMLS,158854,162954,4100,+2.6%,"4,100 more UMLS identifiers in Drug cliques led by UMLS"
Disease,MONDO,icd11.foundation,4056,0,-4056,-100.0%,"4,056 removed icd11.foundation identifiers in Disease cliques led by MONDO"
MolecularMixture,CHEMBL.COMPOUND,CHEMBL.COMPOUND,70,3662,3592,+5131.4%,"3,592 more CHEMBL.COMPOUND identifiers in MolecularMixture cliques led by CHEMBL.COMPOUND"
MolecularMixture,CHEMBL.COMPOUND,INCHIKEY,67,3628,3561,+5314.9%,"3,561 more INCHIKEY identifiers in MolecularMixture cliques led by CHEMBL.COMPOUND"
GrossAnatomicalStructure,UBERON,EMAPA,0,3379,3379,NEW,"3,379 new EMAPA identifiers in GrossAnatomicalStructure cliques led by UBERON"
Drug,RXCUI,RXCUI,102744,99375,-3369,-3.3%,"3,369 fewer RXCUI identifiers in Drug cliques led by RXCUI"
SmallMolecule,CHEBI,INCHIKEY,174121,170875,-3246,-1.9%,"3,246 fewer INCHIKEY identifiers in SmallMolecule cliques led by CHEBI"
Drug,RXCUI,UMLS,99295,96124,-3171,-3.2%,"3,171 fewer UMLS identifiers in Drug cliques led by RXCUI"
MolecularActivity,RHEA,RHEA,70868,73971,3103,+4.4%,"3,103 more RHEA identifiers in MolecularActivity cliques led by RHEA"
Disease,UMLS,SNOMEDCT,83290,86157,2867,+3.4%,"2,867 more SNOMEDCT identifiers in Disease cliques led by UMLS"
SmallMolecule,CHEBI,UNII,18931,21682,2751,+14.5%,"2,751 more UNII identifiers in SmallMolecule cliques led by CHEBI"
SmallMolecule,CHEBI,CAS,66542,69267,2725,+4.1%,"2,725 more CAS identifiers in SmallMolecule cliques led by CHEBI"
MolecularActivity,REACT,REACT,89048,91728,2680,+3.0%,"2,680 more REACT identifiers in MolecularActivity cliques led by REACT"
Protein,MESH,MESH,0,2549,2549,NEW,"2,549 new MESH identifiers in Protein cliques led by MESH"
ChemicalEntity,MESH,CAS,6809,4354,-2455,-36.1%,"2,455 fewer CAS identifiers in ChemicalEntity cliques led by MESH"
GrossAnatomicalStructure,UBERON,MA,0,2450,2450,NEW,"2,450 new MA identifiers in GrossAnatomicalStructure cliques led by UBERON"
SmallMolecule,UNII,UMLS,10641,12914,2273,+21.4%,"2,273 more UMLS identifiers in SmallMolecule cliques led by UNII"
SmallMolecule,PUBCHEM.COMPOUND,GTOPDB,4878,7111,2233,+45.8%,"2,233 more GTOPDB identifiers in SmallMolecule cliques led by PUBCHEM.COMPOUND"
SmallMolecule,PUBCHEM.COMPOUND,UMLS,37993,35882,-2111,-5.6%,"2,111 fewer UMLS identifiers in SmallMolecule cliques led by PUBCHEM.COMPOUND"
SmallMolecule,PUBCHEM.COMPOUND,MESH,42714,40604,-2110,-4.9%,"2,110 fewer MESH identifiers in SmallMolecule cliques led by PUBCHEM.COMPOUND"
SmallMolecule,UNII,DRUGBANK,2591,4646,2055,+79.3%,"2,055 more DRUGBANK identifiers in SmallMolecule cliques led by UNII"
SmallMolecule,UNII,MESH,10274,12312,2038,+19.8%,"2,038 more MESH identifiers in SmallMolecule cliques led by UNII"
PhenotypicFeature,NCIT,NCIT,19781,21734,1953,+9.9%,"1,953 more NCIT identifiers in PhenotypicFeature cliques led by NCIT"
GrossAnatomicalStructure,EMAPA,EMAPA,0,1931,1931,NEW,"1,931 new EMAPA identifiers in GrossAnatomicalStructure cliques led by EMAPA"
Gene,FB,FB,12386,14288,1902,+15.4%,"1,902 more FB identifiers in Gene cliques led by FB"
AnatomicalEntity,EMAPA,EMAPA,0,1822,1822,NEW,"1,822 new EMAPA identifiers in AnatomicalEntity cliques led by EMAPA"
BiologicalProcess,GO,GO,25362,23593,-1769,-7.0%,"1,769 fewer GO identifiers in BiologicalProcess cliques led by GO"
Protein,UMLS,UMLS,150545,152210,1665,+1.1%,"1,665 more UMLS identifiers in Protein cliques led by UMLS"
Disease,MONDO,MONDO,26294,27931,1637,+6.2%,"1,637 more MONDO identifiers in Disease cliques led by MONDO"
PhenotypicFeature,HP,MEDDRA,5322,3732,-1590,-29.9%,"1,590 fewer MEDDRA identifiers in PhenotypicFeature cliques led by HP"
ChemicalEntity,PUBCHEM.COMPOUND,CAS,1515,0,-1515,-100.0%,"1,515 removed CAS identifiers in ChemicalEntity cliques led by PUBCHEM.COMPOUND"
Disease,UMLS,NCIT,16875,18344,1469,+8.7%,"1,469 more NCIT identifiers in Disease cliques led by UMLS"
GrossAnatomicalStructure,UBERON,ZFA,0,1454,1454,NEW,"1,454 new ZFA identifiers in GrossAnatomicalStructure cliques led by UBERON"
MolecularActivity,UMLS,UMLS,20160,21603,1443,+7.2%,"1,443 more UMLS identifiers in MolecularActivity cliques led by UMLS"
BiologicalProcess,GO,UMLS,17259,15862,-1397,-8.1%,"1,397 fewer UMLS identifiers in BiologicalProcess cliques led by GO"
SmallMolecule,CHEBI,PUBCHEM.COMPOUND,175636,174324,-1312,-0.7%,"1,312 fewer PUBCHEM.COMPOUND identifiers in SmallMolecule cliques led by CHEBI"
SmallMolecule,CHEBI,GTOPDB,4039,2830,-1209,-29.9%,"1,209 fewer GTOPDB identifiers in SmallMolecule cliques led by CHEBI"
ChemicalEntity,DRUGBANK,UMLS,2132,1092,-1040,-48.8%,"1,040 fewer UMLS identifiers in ChemicalEntity cliques led by DRUGBANK"
ChemicalEntity,DRUGBANK,DRUGBANK,2780,1751,-1029,-37.0%,"1,029 fewer DRUGBANK identifiers in ChemicalEntity cliques led by DRUGBANK"
Gene,SGD,SGD,696,1626,930,+133.6%,930 more SGD identifiers in Gene cliques led by SGD
ChemicalEntity,CHEBI,KEGG.COMPOUND,634,1563,929,+146.5%,929 more KEGG.COMPOUND identifiers in ChemicalEntity cliques led by CHEBI
SmallMolecule,PUBCHEM.COMPOUND,KEGG.COMPOUND,830,0,-830,-100.0%,830 removed KEGG.COMPOUND identifiers in SmallMolecule cliques led by PUBCHEM.COMPOUND
SmallMolecule,CHEBI,KEGG.COMPOUND,13562,12809,-753,-5.6%,753 fewer KEGG.COMPOUND identifiers in SmallMolecule cliques led by CHEBI
Gene,WormBase,WormBase,1888,2639,751,+39.8%,751 more WormBase identifiers in Gene cliques led by WormBase
Disease,UMLS,MEDDRA,31245,31979,734,+2.3%,734 more MEDDRA identifiers in Disease cliques led by UMLS
ChemicalEntity,UNII,MESH,1387,669,-718,-51.8%,718 fewer MESH identifiers in ChemicalEntity cliques led by UNII
AnatomicalEntity,UMLS,UMLS,139254,139970,716,+0.5%,716 more UMLS identifiers in AnatomicalEntity cliques led by UMLS
Pathway,REACT,REACT,22114,22806,692,+3.1%,692 more REACT identifiers in Pathway cliques led by REACT
Disease,MONDO,EFO,3128,2438,-690,-22.1%,690 fewer EFO identifiers in Disease cliques led by MONDO
SmallMolecule,PUBCHEM.COMPOUND,HMDB,174713,174048,-665,-0.4%,665 fewer HMDB identifiers in SmallMolecule cliques led by PUBCHEM.COMPOUND
Gene,NCBIGene,HGNC,43581,44236,655,+1.5%,655 more HGNC identifiers in Gene cliques led by NCBIGene
Protein,PR,PR,79548,80199,651,+0.8%,651 more PR identifiers in Protein cliques led by PR
ChemicalEntity,DRUGBANK,RXCUI,1404,793,-611,-43.5%,611 fewer RXCUI identifiers in ChemicalEntity cliques led by DRUGBANK
PhenotypicFeature,NCIT,MEDDRA,847,264,-583,-68.8%,583 fewer MEDDRA identifiers in PhenotypicFeature cliques led by NCIT
Disease,EFO,EFO,603,30,-573,-95.0%,573 fewer EFO identifiers in Disease cliques led by EFO
SmallMolecule,CHEBI,DRUGBANK,5703,6276,573,+10.0%,573 more DRUGBANK identifiers in SmallMolecule cliques led by CHEBI
SmallMolecule,UNII,GTOPDB,1635,1097,-538,-32.9%,538 fewer GTOPDB identifiers in SmallMolecule cliques led by UNII
MolecularMixture,UNII,CHEMBL.COMPOUND,3143,3680,537,+17.1%,537 more CHEMBL.COMPOUND identifiers in MolecularMixture cliques led by UNII
BiologicalProcess,UMLS,UMLS,24789,25284,495,+2.0%,495 more UMLS identifiers in BiologicalProcess cliques led by UMLS
Disease,NCIT,NCIT,216,689,473,+219.0%,473 more NCIT identifiers in Disease cliques led by NCIT
SmallMolecule,CHEBI,CHEMBL.COMPOUND,41075,41546,471,+1.1%,471 more CHEMBL.COMPOUND identifiers in SmallMolecule cliques led by CHEBI
Protein,UMLS,MESH,92131,92601,470,+0.5%,470 more MESH identifiers in Protein cliques led by UMLS
OrganismTaxon,NCBITaxon,UMLS,69137,68706,-431,-0.6%,431 fewer UMLS identifiers in OrganismTaxon cliques led by NCBITaxon
GrossAnatomicalStructure,UBERON,XAO,0,427,427,NEW,427 new XAO identifiers in GrossAnatomicalStructure cliques led by UBERON
PhenotypicFeature,NCIT,SNOMEDCT,540,127,-413,-76.5%,413 fewer SNOMEDCT identifiers in PhenotypicFeature cliques led by NCIT
GeneFamily,HGNC.FAMILY,HGNC.FAMILY,1911,2323,412,+21.6%,412 more HGNC.FAMILY identifiers in GeneFamily cliques led by HGNC.FAMILY
ChemicalEntity,KEGG.COMPOUND,KEGG.COMPOUND,411,0,-411,-100.0%,411 removed KEGG.COMPOUND identifiers in ChemicalEntity cliques led by KEGG.COMPOUND
Disease,OMIM,UMLS,553,183,-370,-66.9%,370 fewer UMLS identifiers in Disease cliques led by OMIM
ComplexMolecularMixture,DRUGBANK,DRUGBANK,3,368,365,+12166.7%,365 more DRUGBANK identifiers in ComplexMolecularMixture cliques led by DRUGBANK
ComplexMolecularMixture,DRUGBANK,RXCUI,0,362,362,NEW,362 new RXCUI identifiers in ComplexMolecularMixture cliques led by DRUGBANK
Cell,UMLS,SNOMEDCT,769,1130,361,+46.9%,361 more SNOMEDCT identifiers in Cell cliques led by UMLS
ComplexMolecularMixture,DRUGBANK,UMLS,3,359,356,+11866.7%,356 more UMLS identifiers in ComplexMolecularMixture cliques led by DRUGBANK
SmallMolecule,UNII,HMDB,2417,2771,354,+14.6%,354 more HMDB identifiers in SmallMolecule cliques led by UNII
MolecularMixture,CHEBI,PUBCHEM.COMPOUND,5609,5963,354,+6.3%,354 more PUBCHEM.COMPOUND identifiers in MolecularMixture cliques led by CHEBI
ChemicalEntity,MESH,UMLS,70368,70684,316,+0.4%,316 more UMLS identifiers in ChemicalEntity cliques led by MESH
Disease,EFO,UMLS,321,31,-290,-90.3%,290 fewer UMLS identifiers in Disease cliques led by EFO
SmallMolecule,HMDB,INCHIKEY,15508,15782,274,+1.8%,274 more INCHIKEY identifiers in SmallMolecule cliques led by HMDB
Cell,CL,CL,3043,3315,272,+8.9%,272 more CL identifiers in Cell cliques led by CL
Food,DRUGBANK,DRUGBANK,0,267,267,NEW,267 new DRUGBANK identifiers in Food cliques led by DRUGBANK
PhenotypicFeature,HP,NCIT,1063,801,-262,-24.6%,262 fewer NCIT identifiers in PhenotypicFeature cliques led by HP
Food,DRUGBANK,RXCUI,0,261,261,NEW,261 new RXCUI identifiers in Food cliques led by DRUGBANK
Food,DRUGBANK,UMLS,0,260,260,NEW,260 new UMLS identifiers in Food cliques led by DRUGBANK
Disease,EFO,MEDDRA,291,47,-244,-83.8%,244 fewer MEDDRA identifiers in Disease cliques led by EFO
GrossAnatomicalStructure,UBERON,FBbt,0,239,239,NEW,239 new FBbt identifiers in GrossAnatomicalStructure cliques led by UBERON
GrossAnatomicalStructure,UBERON,UBERON,10471,10708,237,+2.3%,237 more UBERON identifiers in GrossAnatomicalStructure cliques led by UBERON
SmallMolecule,HMDB,HMDB,15695,15929,234,+1.5%,234 more HMDB identifiers in SmallMolecule cliques led by HMDB
Disease,MONDO,DOID,11588,11822,234,+2.0%,234 more DOID identifiers in Disease cliques led by MONDO
Gene,NCBIGene,OMIM,17482,17715,233,+1.3%,233 more OMIM identifiers in Gene cliques led by NCBIGene
Disease,MONDO,medgen,21019,21238,219,+1.0%,219 more medgen identifiers in Disease cliques led by MONDO
Gene,NCBIGene,UMLS,42946,43162,216,+0.5%,216 more UMLS identifiers in Gene cliques led by NCBIGene
PhenotypicFeature,HP,HP,16612,16401,-211,-1.3%,211 fewer HP identifiers in PhenotypicFeature cliques led by HP
SmallMolecule,PUBCHEM.COMPOUND,DRUGBANK,3071,2867,-204,-6.6%,204 fewer DRUGBANK identifiers in SmallMolecule cliques led by PUBCHEM.COMPOUND
Disease,MONDO,UMLS,25545,25349,-196,-0.8%,196 fewer UMLS identifiers in Disease cliques led by MONDO
ChemicalEntity,CHEBI,UNII,182,371,189,+103.8%,189 more UNII identifiers in ChemicalEntity cliques led by CHEBI
MolecularMixture,CHEBI,CAS,4135,4323,188,+4.5%,188 more CAS identifiers in MolecularMixture cliques led by CHEBI
SmallMolecule,GTOPDB,GTOPDB,2378,2563,185,+7.8%,185 more GTOPDB identifiers in SmallMolecule cliques led by GTOPDB
ChemicalEntity,UNII,INCHIKEY,2257,2442,185,+8.2%,185 more INCHIKEY identifiers in ChemicalEntity cliques led by UNII
Protein,UMLS,DRUGBANK,2650,2477,-173,-6.5%,173 fewer DRUGBANK identifiers in Protein cliques led by UMLS
PhenotypicFeature,UMLS,MESH,271,101,-170,-62.7%,170 fewer MESH identifiers in PhenotypicFeature cliques led by UMLS
ChemicalEntity,UNII,CHEMBL.COMPOUND,623,457,-166,-26.6%,166 fewer CHEMBL.COMPOUND identifiers in ChemicalEntity cliques led by UNII
Disease,MONDO,orphanet,8199,8363,164,+2.0%,164 more orphanet identifiers in Disease cliques led by MONDO
Polypeptide,UMLS,UMLS,166,5,-161,-97.0%,161 fewer UMLS identifiers in Polypeptide cliques led by UMLS
MolecularActivity,GO,UMLS,7136,6981,-155,-2.2%,155 fewer UMLS identifiers in MolecularActivity cliques led by GO
MolecularMixture,UNII,UMLS,1285,1435,150,+11.7%,150 more UMLS identifiers in MolecularMixture cliques led by UNII
MolecularMixture,PUBCHEM.COMPOUND,MESH,4582,4432,-150,-3.3%,150 fewer MESH identifiers in MolecularMixture cliques led by PUBCHEM.COMPOUND
Disease,MONDO,MEDDRA,15454,15306,-148,-1.0%,148 fewer MEDDRA identifiers in Disease cliques led by MONDO
Protein,UniProtKB,MESH,12892,13038,146,+1.1%,146 more MESH identifiers in Protein cliques led by UniProtKB
MolecularMixture,UNII,MESH,1255,1398,143,+11.4%,143 more MESH identifiers in MolecularMixture cliques led by UNII
Disease,EFO,SNOMEDCT,166,26,-140,-84.3%,140 fewer SNOMEDCT identifiers in Disease cliques led by EFO
Disease,EFO,NCIT,154,17,-137,-89.0%,137 fewer NCIT identifiers in Disease cliques led by EFO
MolecularMixture,PUBCHEM.COMPOUND,UMLS,4264,4128,-136,-3.2%,136 fewer UMLS identifiers in MolecularMixture cliques led by PUBCHEM.COMPOUND
Gene,RGD,RGD,14272,14405,133,+0.9%,133 more RGD identifiers in Gene cliques led by RGD
Disease,MONDO,NCIT,8663,8796,133,+1.5%,133 more NCIT identifiers in Disease cliques led by MONDO
Disease,MONDO,OMIM,9495,9619,124,+1.3%,124 more OMIM identifiers in Disease cliques led by MONDO
Protein,UniProtKB,PR,173922,174043,121,+0.1%,121 more PR identifiers in Protein cliques led by UniProtKB
ChemicalEntity,CHEBI,CHEMBL.COMPOUND,158,274,116,+73.4%,116 more CHEMBL.COMPOUND identifiers in ChemicalEntity cliques led by CHEBI
ChemicalEntity,UNII,UMLS,954,840,-114,-11.9%,114 fewer UMLS identifiers in ChemicalEntity cliques led by UNII
AnatomicalEntity,UBERON,UBERON,4082,4195,113,+2.8%,113 more UBERON identifiers in AnatomicalEntity cliques led by UBERON
Gene,UMLS,UMLS,3080,3185,105,+3.4%,105 more UMLS identifiers in Gene cliques led by UMLS
SmallMolecule,CHEBI,MESH,25705,25604,-101,-0.4%,101 fewer MESH identifiers in SmallMolecule cliques led by CHEBI
ChemicalMixture,CHEBI,KEGG.COMPOUND,7,105,98,+1400.0%,98 more KEGG.COMPOUND identifiers in ChemicalMixture cliques led by CHEBI
SmallMolecule,UNII,KEGG.COMPOUND,95,0,-95,-100.0%,95 removed KEGG.COMPOUND identifiers in SmallMolecule cliques led by UNII
PhenotypicFeature,HP,EFO,119,28,-91,-76.5%,91 fewer EFO identifiers in PhenotypicFeature cliques led by HP
Disease,EFO,MESH,107,17,-90,-84.1%,90 fewer MESH identifiers in Disease cliques led by EFO
CellLine,CLO,CLO,38810,38896,86,+0.2%,86 more CLO identifiers in CellLine cliques led by CLO
Disease,MESH,MESH,19,104,85,+447.4%,85 more MESH identifiers in Disease cliques led by MESH
SmallMolecule,GTOPDB,INCHIKEY,275,359,84,+30.5%,84 more INCHIKEY identifiers in SmallMolecule cliques led by GTOPDB
MolecularMixture,CHEBI,KEGG.COMPOUND,459,542,83,+18.1%,83 more KEGG.COMPOUND identifiers in MolecularMixture cliques led by CHEBI
PhenotypicFeature,HP,MESH,564,481,-83,-14.7%,83 fewer MESH identifiers in PhenotypicFeature cliques led by HP
Cell,UMLS,UMLS,5784,5866,82,+1.4%,82 more UMLS identifiers in Cell cliques led by UMLS
ChemicalEntity,CHEBI,DRUGBANK,103,183,80,+77.7%,80 more DRUGBANK identifiers in ChemicalEntity cliques led by CHEBI
MolecularActivity,GO,GO,10131,10052,-79,-0.8%,79 fewer GO identifiers in MolecularActivity cliques led by GO
Disease,MONDO,SNOMEDCT,14639,14716,77,+0.5%,77 more SNOMEDCT identifiers in Disease cliques led by MONDO
ChemicalEntity,KEGG.COMPOUND,INCHIKEY,77,0,-77,-100.0%,77 removed INCHIKEY identifiers in ChemicalEntity cliques led by KEGG.COMPOUND
Disease,UMLS,MESH,1716,1792,76,+4.4%,76 more MESH identifiers in Disease cliques led by UMLS
Gene,HGNC,HGNC,960,894,-66,-6.9%,66 fewer HGNC identifiers in Gene cliques led by HGNC
MolecularMixture,CHEBI,UNII,1930,1993,63,+3.3%,63 more UNII identifiers in MolecularMixture cliques led by CHEBI
PhenotypicFeature,HP,SNOMEDCT,3544,3606,62,+1.7%,62 more SNOMEDCT identifiers in PhenotypicFeature cliques led by HP
ChemicalEntity,CHEBI,UMLS,606,662,56,+9.2%,56 more UMLS identifiers in ChemicalEntity cliques led by CHEBI
ChemicalEntity,CHEBI,HMDB,28,83,55,+196.4%,55 more HMDB identifiers in ChemicalEntity cliques led by CHEBI
CellularComponent,UMLS,UMLS,5045,5099,54,+1.1%,54 more UMLS identifiers in CellularComponent cliques led by UMLS
Gene,ZFIN,ZFIN,10702,10649,-53,-0.5%,53 fewer ZFIN identifiers in Gene cliques led by ZFIN
MolecularMixture,CHEBI,CHEBI,3962,3911,-51,-1.3%,51 fewer CHEBI identifiers in MolecularMixture cliques led by CHEBI
SmallMolecule,CHEMBL.COMPOUND,GTOPDB,79,30,-49,-62.0%,49 fewer GTOPDB identifiers in SmallMolecule cliques led by CHEMBL.COMPOUND
Cell,UMLS,NCIT,2356,2404,48,+2.0%,48 more NCIT identifiers in Cell cliques led by UMLS
ChemicalEntity,CHEBI,MESH,809,855,46,+5.7%,46 more MESH identifiers in ChemicalEntity cliques led by CHEBI
Pathway,GO,GO,588,543,-45,-7.7%,45 fewer GO identifiers in Pathway cliques led by GO
PhenotypicFeature,EFO,UMLS,113,68,-45,-39.8%,45 fewer UMLS identifiers in PhenotypicFeature cliques led by EFO
ChemicalEntity,UNII,RXCUI,468,425,-43,-9.2%,43 fewer RXCUI identifiers in ChemicalEntity cliques led by UNII
PhenotypicFeature,MESH,MESH,18,57,39,+216.7%,39 more MESH identifiers in PhenotypicFeature cliques led by MESH
ChemicalEntity,CHEBI,DrugCentral,73,111,38,+52.1%,38 more DrugCentral identifiers in ChemicalEntity cliques led by CHEBI
MolecularActivity,GO,REACT,189,227,38,+20.1%,38 more REACT identifiers in MolecularActivity cliques led by GO
ChemicalEntity,DRUGBANK,MESH,146,109,-37,-25.3%,37 fewer MESH identifiers in ChemicalEntity cliques led by DRUGBANK
Disease,EFO,ICD10,40,3,-37,-92.5%,37 fewer ICD10 identifiers in Disease cliques led by EFO
Disease,DOID,MEDDRA,98,62,-36,-36.7%,36 fewer MEDDRA identifiers in Disease cliques led by DOID
PhenotypicFeature,NCIT,MESH,66,30,-36,-54.5%,36 fewer MESH identifiers in PhenotypicFeature cliques led by NCIT
SmallMolecule,CHEMBL.COMPOUND,DRUGBANK,3,39,36,+1200.0%,36 more DRUGBANK identifiers in SmallMolecule cliques led by CHEMBL.COMPOUND
MolecularMixture,CHEBI,INCHIKEY,3466,3430,-36,-1.0%,36 fewer INCHIKEY identifiers in MolecularMixture cliques led by CHEBI
Disease,UMLS,HP,58,93,35,+60.3%,35 more HP identifiers in Disease cliques led by UMLS
CellularComponent,UMLS,SNOMEDCT,396,430,34,+8.6%,34 more SNOMEDCT identifiers in CellularComponent cliques led by UMLS
ChemicalEntity,CHEMBL.COMPOUND,DRUGBANK,42,8,-34,-81.0%,34 fewer DRUGBANK identifiers in ChemicalEntity cliques led by CHEMBL.COMPOUND
CellularComponent,GO,GO,4041,4075,34,+0.8%,34 more GO identifiers in CellularComponent cliques led by GO
Disease,OMIM,OMIM,692,725,33,+4.8%,33 more OMIM identifiers in Disease cliques led by OMIM
MolecularActivity,RHEA,EC,4894,4926,32,+0.7%,32 more EC identifiers in MolecularActivity cliques led by RHEA
GrossAnatomicalStructure,UBERON,WBbt,0,30,30,NEW,30 new WBbt identifiers in GrossAnatomicalStructure cliques led by UBERON
AnatomicalEntity,UMLS,NCIT,2162,2191,29,+1.3%,29 more NCIT identifiers in AnatomicalEntity cliques led by UMLS
SmallMolecule,CHEBI,DrugCentral,3975,3946,-29,-0.7%,29 fewer DrugCentral identifiers in SmallMolecule cliques led by CHEBI
Gene,NCBIGene,ZFIN,27300,27327,27,+0.1%,27 more ZFIN identifiers in Gene cliques led by NCBIGene
SmallMolecule,CHEBI,RXCUI,3731,3757,26,+0.7%,26 more RXCUI identifiers in SmallMolecule cliques led by CHEBI
Disease,EFO,medgen,25,0,-25,-100.0%,25 removed medgen identifiers in Disease cliques led by EFO
Disease,DOID,DOID,363,388,25,+6.9%,25 more DOID identifiers in Disease cliques led by DOID
Disease,DOID,EFO,24,1,-23,-95.8%,23 fewer EFO identifiers in Disease cliques led by DOID
Drug,UMLS,MESH,23,0,-23,-100.0%,23 removed MESH identifiers in Drug cliques led by UMLS
ChemicalEntity,UNII,GTOPDB,171,149,-22,-12.9%,22 fewer GTOPDB identifiers in ChemicalEntity cliques led by UNII
Food,UNII,UMLS,0,21,21,NEW,21 new UMLS identifiers in Food cliques led by UNII
ChemicalEntity,CHEBI,RXCUI,101,122,21,+20.8%,21 more RXCUI identifiers in ChemicalEntity cliques led by CHEBI
Food,UNII,UNII,0,21,21,NEW,21 new UNII identifiers in Food cliques led by UNII
MolecularMixture,RXCUI,RXCUI,3817,3838,21,+0.6%,21 more RXCUI identifiers in MolecularMixture cliques led by RXCUI
Food,UNII,RXCUI,0,21,21,NEW,21 new RXCUI identifiers in Food cliques led by UNII
Food,UNII,DRUGBANK,0,20,20,NEW,20 new DRUGBANK identifiers in Food cliques led by UNII
Food,UNII,MESH,0,20,20,NEW,20 new MESH identifiers in Food cliques led by UNII
Disease,MONDO,OMIM.PS,573,592,19,+3.3%,19 more OMIM.PS identifiers in Disease cliques led by MONDO
PhenotypicFeature,EFO,EFO,7725,7707,-18,-0.2%,18 fewer EFO identifiers in PhenotypicFeature cliques led by EFO
MolecularMixture,CHEBI,MESH,694,712,18,+2.6%,18 more MESH identifiers in MolecularMixture cliques led by CHEBI
SmallMolecule,CHEBI,UMLS,24153,24135,-18,-0.1%,18 fewer UMLS identifiers in SmallMolecule cliques led by CHEBI
PhenotypicFeature,HP,MP,17,0,-17,-100.0%,17 removed MP identifiers in PhenotypicFeature cliques led by HP
PhenotypicFeature,EFO,SNOMEDCT,153,136,-17,-11.1%,17 fewer SNOMEDCT identifiers in PhenotypicFeature cliques led by EFO
Disease,orphanet,orphanet,2849,2832,-17,-0.6%,17 fewer orphanet identifiers in Disease cliques led by orphanet
ChemicalMixture,CHEBI,CHEBI,506,490,-16,-3.2%,16 fewer CHEBI identifiers in ChemicalMixture cliques led by CHEBI
ChemicalEntity,DRUGBANK,INCHIKEY,156,172,16,+10.3%,16 more INCHIKEY identifiers in ChemicalEntity cliques led by DRUGBANK
AnatomicalEntity,NCIT,NCIT,1472,1488,16,+1.1%,16 more NCIT identifiers in AnatomicalEntity cliques led by NCIT
Food,DRUGBANK,MESH,0,15,15,NEW,15 new MESH identifiers in Food cliques led by DRUGBANK
ComplexMolecularMixture,UNII,UMLS,0,15,15,NEW,15 new UMLS identifiers in ComplexMolecularMixture cliques led by UNII
ComplexMolecularMixture,UNII,MESH,0,15,15,NEW,15 new MESH identifiers in ComplexMolecularMixture cliques led by UNII
Disease,MONDO,ICD9,2201,2186,-15,-0.7%,15 fewer ICD9 identifiers in Disease cliques led by MONDO
MolecularMixture,PUBCHEM.COMPOUND,KEGG.COMPOUND,15,0,-15,-100.0%,15 removed KEGG.COMPOUND identifiers in MolecularMixture cliques led by PUBCHEM.COMPOUND
Protein,UniProtKB,UMLS,15770,15755,-15,-0.1%,15 fewer UMLS identifiers in Protein cliques led by UniProtKB
PhenotypicFeature,EFO,MEDDRA,117,102,-15,-12.8%,15 fewer MEDDRA identifiers in PhenotypicFeature cliques led by EFO
ComplexMolecularMixture,UNII,UNII,0,15,15,NEW,15 new UNII identifiers in ComplexMolecularMixture cliques led by UNII
MolecularMixture,CHEBI,UMLS,709,723,14,+2.0%,14 more UMLS identifiers in MolecularMixture cliques led by CHEBI
ComplexMolecularMixture,UNII,DRUGBANK,0,14,14,NEW,14 new DRUGBANK identifiers in ComplexMolecularMixture cliques led by UNII
Disease,OMIM,SNOMEDCT,32,18,-14,-43.8%,14 fewer SNOMEDCT identifiers in Disease cliques led by OMIM
PhenotypicFeature,EFO,MP,14,0,-14,-100.0%,14 removed MP identifiers in PhenotypicFeature cliques led by EFO
ComplexMolecularMixture,UNII,RXCUI,0,14,14,NEW,14 new RXCUI identifiers in ComplexMolecularMixture cliques led by UNII
MolecularActivity,EC,EC,3707,3720,13,+0.4%,13 more EC identifiers in MolecularActivity cliques led by EC
Disease,DOID,UMLS,117,104,-13,-11.1%,13 fewer UMLS identifiers in Disease cliques led by DOID
Disease,MONDO,MESH,9279,9266,-13,-0.1%,13 fewer MESH identifiers in Disease cliques led by MONDO
ChemicalEntity,RXCUI,RXCUI,1101,1113,12,+1.1%,12 more RXCUI identifiers in ChemicalEntity cliques led by RXCUI
Disease,OMIM,MESH,86,74,-12,-14.0%,12 fewer MESH identifiers in Disease cliques led by OMIM
ComplexMolecularMixture,MESH,MESH,180,191,11,+6.1%,11 more MESH identifiers in ComplexMolecularMixture cliques led by MESH
ChemicalEntity,UNII,PUBCHEM.COMPOUND,11,0,-11,-100.0%,11 removed PUBCHEM.COMPOUND identifiers in ChemicalEntity cliques led by UNII
BiologicalProcess,GO,REACT,502,491,-11,-2.2%,11 fewer REACT identifiers in BiologicalProcess cliques led by GO
ChemicalEntity,DRUGBANK,CAS,25,14,-11,-44.0%,11 fewer CAS identifiers in ChemicalEntity cliques led by DRUGBANK
CellularComponent,GO,UMLS,3175,3186,11,+0.3%,11 more UMLS identifiers in CellularComponent cliques led by GO
ChemicalMixture,CHEBI,INCHIKEY,1,11,10,+1000.0%,10 more INCHIKEY identifiers in ChemicalMixture cliques led by CHEBI
Gene,HGNC,UMLS,880,890,10,+1.1%,10 more UMLS identifiers in Gene cliques led by HGNC
MolecularMixture,UNII,KEGG.COMPOUND,10,0,-10,-100.0%,10 removed KEGG.COMPOUND identifiers in MolecularMixture cliques led by UNII
MolecularActivity,GO,EC,211,220,9,+4.3%,9 more EC identifiers in MolecularActivity cliques led by GO
MolecularMixture,CHEBI,CHEMBL.COMPOUND,1617,1626,9,+0.6%,9 more CHEMBL.COMPOUND identifiers in MolecularMixture cliques led by CHEBI
Cell,CL,UMLS,587,596,9,+1.5%,9 more UMLS identifiers in Cell cliques led by CL
BiologicalProcess,REACT,REACT,17,26,9,+52.9%,9 more REACT identifiers in BiologicalProcess cliques led by REACT
ComplexMolecularMixture,DRUGBANK,MESH,3,12,9,+300.0%,9 more MESH identifiers in ComplexMolecularMixture cliques led by DRUGBANK
PhenotypicFeature,EFO,NCIT,230,221,-9,-3.9%,9 fewer NCIT identifiers in PhenotypicFeature cliques led by EFO
Disease,DOID,MESH,48,39,-9,-18.8%,9 fewer MESH identifiers in Disease cliques led by DOID
MolecularMixture,GTOPDB,GTOPDB,0,8,8,NEW,8 new GTOPDB identifiers in MolecularMixture cliques led by GTOPDB
MolecularMixture,CHEBI,RXCUI,338,346,8,+2.4%,8 more RXCUI identifiers in MolecularMixture cliques led by CHEBI
SmallMolecule,PUBCHEM.COMPOUND,DrugCentral,69,61,-8,-11.6%,8 fewer DrugCentral identifiers in SmallMolecule cliques led by PUBCHEM.COMPOUND
SmallMolecule,CHEMBL.COMPOUND,HMDB,18,26,8,+44.4%,8 more HMDB identifiers in SmallMolecule cliques led by CHEMBL.COMPOUND
MolecularMixture,GTOPDB,INCHIKEY,0,8,8,NEW,8 new INCHIKEY identifiers in MolecularMixture cliques led by GTOPDB
Disease,MONDO,HP,2303,2311,8,+0.3%,8 more HP identifiers in Disease cliques led by MONDO
MolecularMixture,PUBCHEM.COMPOUND,DRUGBANK,53,61,8,+15.1%,8 more DRUGBANK identifiers in MolecularMixture cliques led by PUBCHEM.COMPOUND
OrganismTaxon,MESH,MESH,548,555,7,+1.3%,7 more MESH identifiers in OrganismTaxon cliques led by MESH
Food,DRUGBANK,CAS,0,7,7,NEW,7 new CAS identifiers in Food cliques led by DRUGBANK
ChemicalEntity,MESH,RXCUI,144,151,7,+4.9%,7 more RXCUI identifiers in ChemicalEntity cliques led by MESH
SmallMolecule,UNII,DrugCentral,287,280,-7,-2.4%,7 fewer DrugCentral identifiers in SmallMolecule cliques led by UNII
CellularComponent,GO,SNOMEDCT,82,75,-7,-8.5%,7 fewer SNOMEDCT identifiers in CellularComponent cliques led by GO
OrganismTaxon,MESH,UMLS,504,511,7,+1.4%,7 more UMLS identifiers in OrganismTaxon cliques led by MESH
ChemicalMixture,CHEBI,UMLS,6,0,-6,-100.0%,6 removed UMLS identifiers in ChemicalMixture cliques led by CHEBI
SmallMolecule,DrugCentral,INCHIKEY,4,10,6,+150.0%,6 more INCHIKEY identifiers in SmallMolecule cliques led by DrugCentral
Disease,EFO,ICD9,8,2,-6,-75.0%,6 fewer ICD9 identifiers in Disease cliques led by EFO
MolecularMixture,CHEBI,HMDB,111,117,6,+5.4%,6 more HMDB identifiers in MolecularMixture cliques led by CHEBI
MolecularMixture,PUBCHEM.COMPOUND,HMDB,131,137,6,+4.6%,6 more HMDB identifiers in MolecularMixture cliques led by PUBCHEM.COMPOUND
ChemicalMixture,CHEBI,MESH,8,2,-6,-75.0%,6 fewer MESH identifiers in ChemicalMixture cliques led by CHEBI
SmallMolecule,GTOPDB,HMDB,2,8,6,+300.0%,6 more HMDB identifiers in SmallMolecule cliques led by GTOPDB
ChemicalEntity,CHEBI,CAS,25,31,6,+24.0%,6 more CAS identifiers in ChemicalEntity cliques led by CHEBI
GrossAnatomicalStructure,UBERON,UMLS,2378,2384,6,+0.3%,6 more UMLS identifiers in GrossAnatomicalStructure cliques led by UBERON
SmallMolecule,DrugCentral,DrugCentral,4,10,6,+150.0%,6 more DrugCentral identifiers in SmallMolecule cliques led by DrugCentral
ComplexMolecularMixture,MESH,UMLS,82,87,5,+6.1%,5 more UMLS identifiers in ComplexMolecularMixture cliques led by MESH
ChemicalEntity,CHEBI,GTOPDB,17,12,-5,-29.4%,5 fewer GTOPDB identifiers in ChemicalEntity cliques led by CHEBI
Cell,CL,NCIT,185,190,5,+2.7%,5 more NCIT identifiers in Cell cliques led by CL
ChemicalEntity,PUBCHEM.COMPOUND,CHEMBL.COMPOUND,5,0,-5,-100.0%,5 removed CHEMBL.COMPOUND identifiers in ChemicalEntity cliques led by PUBCHEM.COMPOUND
Disease,DOID,NCIT,39,34,-5,-12.8%,5 fewer NCIT identifiers in Disease cliques led by DOID
MolecularMixture,UNII,HMDB,99,94,-5,-5.1%,5 fewer HMDB identifiers in MolecularMixture cliques led by UNII
MolecularMixture,CHEBI,DRUGBANK,205,210,5,+2.4%,5 more DRUGBANK identifiers in MolecularMixture cliques led by CHEBI
ChemicalEntity,CHEMBL.COMPOUND,KEGG.COMPOUND,5,0,-5,-100.0%,5 removed KEGG.COMPOUND identifiers in ChemicalEntity cliques led by CHEMBL.COMPOUND
ChemicalEntity,UNII,KEGG.COMPOUND,5,0,-5,-100.0%,5 removed KEGG.COMPOUND identifiers in ChemicalEntity cliques led by UNII
MolecularMixture,UNII,GTOPDB,10,6,-4,-40.0%,4 fewer GTOPDB identifiers in MolecularMixture cliques led by UNII
MolecularMixture,CHEBI,GTOPDB,16,12,-4,-25.0%,4 fewer GTOPDB identifiers in MolecularMixture cliques led by CHEBI
PhenotypicFeature,EFO,MESH,66,62,-4,-6.1%,4 fewer MESH identifiers in PhenotypicFeature cliques led by EFO
MolecularMixture,UNII,DrugCentral,137,133,-4,-2.9%,4 fewer DrugCentral identifiers in MolecularMixture cliques led by UNII
MolecularMixture,CHEBI,DrugCentral,156,152,-4,-2.6%,4 fewer DrugCentral identifiers in MolecularMixture cliques led by CHEBI
CellularComponent,NCIT,NCIT,122,118,-4,-3.3%,4 fewer NCIT identifiers in CellularComponent cliques led by NCIT
Disease,OMIM,NCIT,28,24,-4,-14.3%,4 fewer NCIT identifiers in Disease cliques led by OMIM
SmallMolecule,UNII,RXCUI,556,559,3,+0.5%,3 more RXCUI identifiers in SmallMolecule cliques led by UNII
Gene,OMIM,OMIM,195,192,-3,-1.5%,3 fewer OMIM identifiers in Gene cliques led by OMIM
CellularComponent,UMLS,NCIT,1170,1173,3,+0.3%,3 more NCIT identifiers in CellularComponent cliques led by UMLS
Disease,OMIM,EFO,5,2,-3,-60.0%,3 fewer EFO identifiers in Disease cliques led by OMIM
ChemicalEntity,UNII,DRUGBANK,475,478,3,+0.6%,3 more DRUGBANK identifiers in ChemicalEntity cliques led by UNII
Disease,MONDO,MP,3,0,-3,-100.0%,3 removed MP identifiers in Disease cliques led by MONDO
AnatomicalEntity,UMLS,MESH,186,189,3,+1.6%,3 more MESH identifiers in AnatomicalEntity cliques led by UMLS
Disease,DOID,SNOMEDCT,87,84,-3,-3.4%,3 fewer SNOMEDCT identifiers in Disease cliques led by DOID
ChemicalEntity,UNII,DrugCentral,264,267,3,+1.1%,3 more DrugCentral identifiers in ChemicalEntity cliques led by UNII
MolecularActivity,GO,RHEA,264,261,-3,-1.1%,3 fewer RHEA identifiers in MolecularActivity cliques led by GO
MolecularMixture,UNII,RXCUI,319,322,3,+0.9%,3 more RXCUI identifiers in MolecularMixture cliques led by UNII
MolecularMixture,PUBCHEM.COMPOUND,GTOPDB,41,38,-3,-7.3%,3 fewer GTOPDB identifiers in MolecularMixture cliques led by PUBCHEM.COMPOUND
Cell,CL,MESH,144,147,3,+2.1%,3 more MESH identifiers in Cell cliques led by CL
Cell,UMLS,MESH,173,170,-3,-1.7%,3 fewer MESH identifiers in Cell cliques led by UMLS
CellularComponent,GO,NCIT,104,101,-3,-2.9%,3 fewer NCIT identifiers in CellularComponent cliques led by GO
AnatomicalEntity,UMLS,FMA,97765,97768,3,+0.0%,3 more FMA identifiers in AnatomicalEntity cliques led by UMLS
GrossAnatomicalStructure,UBERON,NCIT,2081,2084,3,+0.1%,3 more NCIT identifiers in GrossAnatomicalStructure cliques led by UBERON
Food,CHEBI,CHEBI,0,2,2,NEW,2 new CHEBI identifiers in Food cliques led by CHEBI
Drug,UMLS,CAS,2,0,-2,-100.0%,2 removed CAS identifiers in Drug cliques led by UMLS
Food,CHEBI,UMLS,0,2,2,NEW,2 new UMLS identifiers in Food cliques led by CHEBI
Food,CHEBI,DrugCentral,0,2,2,NEW,2 new DrugCentral identifiers in Food cliques led by CHEBI
SmallMolecule,CHEMBL.COMPOUND,KEGG.COMPOUND,2,0,-2,-100.0%,2 removed KEGG.COMPOUND identifiers in SmallMolecule cliques led by CHEMBL.COMPOUND
SmallMolecule,HMDB,KEGG.COMPOUND,2,0,-2,-100.0%,2 removed KEGG.COMPOUND identifiers in SmallMolecule cliques led by HMDB
Food,CHEBI,DRUGBANK,0,2,2,NEW,2 new DRUGBANK identifiers in Food cliques led by CHEBI
Food,CHEBI,MESH,0,2,2,NEW,2 new MESH identifiers in Food cliques led by CHEBI
Cell,CL,SNOMEDCT,114,116,2,+1.8%,2 more SNOMEDCT identifiers in Cell cliques led by CL
ChemicalEntity,PUBCHEM.COMPOUND,KEGG.COMPOUND,2,0,-2,-100.0%,2 removed KEGG.COMPOUND identifiers in ChemicalEntity cliques led by PUBCHEM.COMPOUND
MolecularActivity,GO,TCDB,22,20,-2,-9.1%,2 fewer TCDB identifiers in MolecularActivity cliques led by GO
ComplexMolecularMixture,MESH,CAS,4,6,2,+50.0%,2 more CAS identifiers in ComplexMolecularMixture cliques led by MESH
MolecularMixture,HMDB,INCHIKEY,21,19,-2,-9.5%,2 fewer INCHIKEY identifiers in MolecularMixture cliques led by HMDB
GrossAnatomicalStructure,UBERON,MESH,779,781,2,+0.3%,2 more MESH identifiers in GrossAnatomicalStructure cliques led by UBERON
MolecularMixture,UNII,DRUGBANK,244,242,-2,-0.8%,2 fewer DRUGBANK identifiers in MolecularMixture cliques led by UNII
ChemicalEntity,CHEMBL.COMPOUND,UMLS,12,10,-2,-16.7%,2 fewer UMLS identifiers in ChemicalEntity cliques led by CHEMBL.COMPOUND
SmallMolecule,DRUGBANK,UMLS,0,2,2,NEW,2 new UMLS identifiers in SmallMolecule cliques led by DRUGBANK
Disease,DOID,OMIM,23,21,-2,-8.7%,2 fewer OMIM identifiers in Disease cliques led by DOID
SmallMolecule,DRUGBANK,DrugCentral,0,2,2,NEW,2 new DrugCentral identifiers in SmallMolecule cliques led by DRUGBANK
Food,CHEBI,RXCUI,0,2,2,NEW,2 new RXCUI identifiers in Food cliques led by CHEBI
Food,CHEBI,CHEMBL.COMPOUND,0,2,2,NEW,2 new CHEMBL.COMPOUND identifiers in Food cliques led by CHEBI
SmallMolecule,DRUGBANK,DRUGBANK,0,2,2,NEW,2 new DRUGBANK identifiers in SmallMolecule cliques led by DRUGBANK
SmallMolecule,DRUGBANK,INCHIKEY,0,2,2,NEW,2 new INCHIKEY identifiers in SmallMolecule cliques led by DRUGBANK
Food,CHEBI,KEGG.COMPOUND,0,2,2,NEW,2 new KEGG.COMPOUND identifiers in Food cliques led by CHEBI
ComplexMolecularMixture,DRUGBANK,CAS,1,3,2,+200.0%,2 more CAS identifiers in ComplexMolecularMixture cliques led by DRUGBANK
MolecularMixture,HMDB,HMDB,21,19,-2,-9.5%,2 fewer HMDB identifiers in MolecularMixture cliques led by HMDB
SmallMolecule,DrugCentral,HMDB,0,2,2,NEW,2 new HMDB identifiers in SmallMolecule cliques led by DrugCentral
Protein,UniProtKB,DRUGBANK,14,15,1,+7.1%,1 more DRUGBANK identifiers in Protein cliques led by UniProtKB
ChemicalEntity,CHEMBL.COMPOUND,DrugCentral,7,8,1,+14.3%,1 more DrugCentral identifiers in ChemicalEntity cliques led by CHEMBL.COMPOUND
ComplexMolecularMixture,PUBCHEM.COMPOUND,PUBCHEM.COMPOUND,0,1,1,NEW,1 new PUBCHEM.COMPOUND identifiers in ComplexMolecularMixture cliques led by PUBCHEM.COMPOUND
CellularComponent,MESH,SNOMEDCT,61,60,-1,-1.6%,1 fewer SNOMEDCT identifiers in CellularComponent cliques led by MESH
MolecularActivity,GO,KEGG.REACTION,6,5,-1,-16.7%,1 fewer KEGG.REACTION identifiers in MolecularActivity cliques led by GO
ChemicalEntity,DRUGBANK,GTOPDB,0,1,1,NEW,1 new GTOPDB identifiers in ChemicalEntity cliques led by DRUGBANK
ComplexMolecularMixture,PUBCHEM.COMPOUND,CAS,0,1,1,NEW,1 new CAS identifiers in ComplexMolecularMixture cliques led by PUBCHEM.COMPOUND
MolecularMixture,PUBCHEM.COMPOUND,RXCUI,43,42,-1,-2.3%,1 fewer RXCUI identifiers in MolecularMixture cliques led by PUBCHEM.COMPOUND
SmallMolecule,CHEMBL.COMPOUND,UMLS,0,1,1,NEW,1 new UMLS identifiers in SmallMolecule cliques led by CHEMBL.COMPOUND
Disease,EFO,MP,1,0,-1,-100.0%,1 removed MP identifiers in Disease cliques led by EFO
Disease,OMIM,MEDDRA,6,5,-1,-16.7%,1 fewer MEDDRA identifiers in Disease cliques led by OMIM
SmallMolecule,CHEMBL.COMPOUND,DrugCentral,6,5,-1,-16.7%,1 fewer DrugCentral identifiers in SmallMolecule cliques led by CHEMBL.COMPOUND
ComplexMolecularMixture,PUBCHEM.COMPOUND,UNII,0,1,1,NEW,1 new UNII identifiers in ComplexMolecularMixture cliques led by PUBCHEM.COMPOUND
AnatomicalEntity,UBERON,UMLS,1102,1103,1,+0.1%,1 more UMLS identifiers in AnatomicalEntity cliques led by UBERON
SmallMolecule,DRUGBANK,RXCUI,0,1,1,NEW,1 new RXCUI identifiers in SmallMolecule cliques led by DRUGBANK
Food,UNII,DrugCentral,0,1,1,NEW,1 new DrugCentral identifiers in Food cliques led by UNII
ChemicalEntity,DRUGBANK,DrugCentral,1,0,-1,-100.0%,1 removed DrugCentral identifiers in ChemicalEntity cliques led by DRUGBANK
Disease,DOID,ICD10,20,19,-1,-5.0%,1 fewer ICD10 identifiers in Disease cliques led by DOID
ComplexMolecularMixture,PUBCHEM.COMPOUND,RXCUI,0,1,1,NEW,1 new RXCUI identifiers in ComplexMolecularMixture cliques led by PUBCHEM.COMPOUND
GeneFamily,PANTHER.FAMILY,PANTHER.FAMILY,26139,26140,1,+0.0%,1 more PANTHER.FAMILY identifiers in GeneFamily cliques led by PANTHER.FAMILY
CellularComponent,GO,MESH,102,101,-1,-1.0%,1 fewer MESH identifiers in CellularComponent cliques led by GO
ComplexMolecularMixture,DRUGBANK,DrugCentral,0,1,1,NEW,1 new DrugCentral identifiers in ComplexMolecularMixture cliques led by DRUGBANK
ChemicalEntity,CHEMBL.COMPOUND,CAS,1,2,1,+100.0%,1 more CAS identifiers in ChemicalEntity cliques led by CHEMBL.COMPOUND
Disease,MONDO,ICD10,2460,2461,1,+0.0%,1 more ICD10 identifiers in Disease cliques led by MONDO
Food,CHEBI,CAS,0,1,1,NEW,1 new CAS identifiers in Food cliques led by CHEBI
CellularComponent,MESH,UMLS,153,154,1,+0.7%,1 more UMLS identifiers in CellularComponent cliques led by MESH
CellularComponent,GO,UBERON,8,7,-1,-12.5%,1 fewer UBERON identifiers in CellularComponent cliques led by GO
ChemicalEntity,UNII,CAS,3,2,-1,-33.3%,1 fewer CAS identifiers in ChemicalEntity cliques led by UNII
Cell,CL,UBERON,3,2,-1,-33.3%,1 fewer UBERON identifiers in Cell cliques led by CL
Gene,NCBIGene,MGI,58199,58200,1,+0.0%,1 more MGI identifiers in Gene cliques led by NCBIGene
Cell,NCIT,NCIT,4,3,-1,-25.0%,1 fewer NCIT identifiers in Cell cliques led by NCIT
Drug,RXCUI,CAS,1,0,-1,-100.0%,1 removed CAS identifiers in Drug cliques led by RXCUI
Food,CHEBI,UNII,0,1,1,NEW,1 new UNII identifiers in Food cliques led by CHEBI
CellularComponent,GO,CL,0,1,1,NEW,1 new CL identifiers in CellularComponent cliques led by GO
CellularComponent,MESH,MESH,176,177,1,+0.6%,1 more MESH identifiers in CellularComponent cliques led by MESH
SmallMolecule,CHEBI,HMDB,24676,24677,1,+0.0%,1 more HMDB identifiers in SmallMolecule cliques led by CHEBI
ComplexMolecularMixture,PUBCHEM.COMPOUND,UMLS,0,1,1,NEW,1 new UMLS identifiers in ComplexMolecularMixture cliques led by PUBCHEM.COMPOUND
ChemicalMixture,CHEBI,PUBCHEM.COMPOUND,1,0,-1,-100.0%,1 removed PUBCHEM.COMPOUND identifiers in ChemicalMixture cliques led by CHEBI
ChemicalEntity,CHEMBL.COMPOUND,GTOPDB,1,0,-1,-100.0%,1 removed GTOPDB identifiers in ChemicalEntity cliques led by CHEMBL.COMPOUND
MolecularMixture,UMLS,UMLS,0,1,1,NEW,1 new UMLS identifiers in MolecularMixture cliques led by UMLS
MolecularMixture,UMLS,RXCUI,0,1,1,NEW,1 new RXCUI identifiers in MolecularMixture cliques led by UMLS
ComplexMolecularMixture,PUBCHEM.COMPOUND,DRUGBANK,0,1,1,NEW,1 new DRUGBANK identifiers in ComplexMolecularMixture cliques led by PUBCHEM.COMPOUND
ComplexMolecularMixture,PUBCHEM.COMPOUND,INCHIKEY,0,1,1,NEW,1 new INCHIKEY identifiers in ComplexMolecularMixture cliques led by PUBCHEM.COMPOUND
ComplexMolecularMixture,PUBCHEM.COMPOUND,MESH,0,1,1,NEW,1 new MESH identifiers in ComplexMolecularMixture cliques led by PUBCHEM.COMPOUND
AnatomicalEntity,UBERON,EMAPA,966,966,0,+0.0%,no change in EMAPA identifiers in AnatomicalEntity cliques led by UBERON
AnatomicalEntity,UBERON,FBbt,117,117,0,+0.0%,no change in FBbt identifiers in AnatomicalEntity cliques led by UBERON
Gene,NCBIGene,dictyBase,13892,13892,0,+0.0%,no change in dictyBase identifiers in Gene cliques led by NCBIGene
ChemicalEntity,UNII,HMDB,9,9,0,+0.0%,no change in HMDB identifiers in ChemicalEntity cliques led by UNII
Gene,NCBIGene,SGD,6471,6471,0,+0.0%,no change in SGD identifiers in Gene cliques led by NCBIGene
AnatomicalEntity,UBERON,ZFA,606,606,0,+0.0%,no change in ZFA identifiers in AnatomicalEntity cliques led by UBERON
CellularComponent,MESH,NCIT,61,61,0,+0.0%,no change in NCIT identifiers in CellularComponent cliques led by MESH
AnatomicalEntity,UBERON,FMA,866,866,0,+0.0%,no change in FMA identifiers in AnatomicalEntity cliques led by UBERON
Disease,MONDO,icd11,5,5,0,+0.0%,no change in icd11 identifiers in Disease cliques led by MONDO
ChemicalEntity,CHEMBL.COMPOUND,MESH,2,2,0,+0.0%,no change in MESH identifiers in ChemicalEntity cliques led by CHEMBL.COMPOUND
ChemicalEntity,DrugCentral,UMLS,5,5,0,+0.0%,no change in UMLS identifiers in ChemicalEntity cliques led by DrugCentral
ChemicalEntity,DrugCentral,RXCUI,1,1,0,+0.0%,no change in RXCUI identifiers in ChemicalEntity cliques led by DrugCentral
OrganismTaxon,NCBITaxon,MESH,70097,70097,0,+0.0%,no change in MESH identifiers in OrganismTaxon cliques led by NCBITaxon
Drug,RXCUI,DRUGBANK,1,1,0,+0.0%,no change in DRUGBANK identifiers in Drug cliques led by RXCUI
Drug,RXCUI,MESH,5,5,0,+0.0%,no change in MESH identifiers in Drug cliques led by RXCUI
SmallMolecule,PUBCHEM.COMPOUND,RXCUI,57,57,0,+0.0%,no change in RXCUI identifiers in SmallMolecule cliques led by PUBCHEM.COMPOUND
Gene,NCBIGene,WormBase,46890,46890,0,+0.0%,no change in WormBase identifiers in Gene cliques led by NCBIGene
AnatomicalEntity,UBERON,MESH,329,329,0,+0.0%,no change in MESH identifiers in AnatomicalEntity cliques led by UBERON
SmallMolecule,DrugCentral,UMLS,2,2,0,+0.0%,no change in UMLS identifiers in SmallMolecule cliques led by DrugCentral
MolecularMixture,PUBCHEM.COMPOUND,DrugCentral,10,10,0,+0.0%,no change in DrugCentral identifiers in MolecularMixture cliques led by PUBCHEM.COMPOUND
Pathway,PANTHER.PATHWAY,PANTHER.PATHWAY,175,175,0,+0.0%,no change in PANTHER.PATHWAY identifiers in Pathway cliques led by PANTHER.PATHWAY
ChemicalEntity,DrugCentral,DrugCentral,6,6,0,+0.0%,no change in DrugCentral identifiers in ChemicalEntity cliques led by DrugCentral
ChemicalMixture,CHEBI,UNII,1,1,0,+0.0%,no change in UNII identifiers in ChemicalMixture cliques led by CHEBI
AnatomicalEntity,UBERON,WBbt,18,18,0,+0.0%,no change in WBbt identifiers in AnatomicalEntity cliques led by UBERON
ChemicalEntity,CHEMBL.COMPOUND,RXCUI,7,7,0,+0.0%,no change in RXCUI identifiers in ChemicalEntity cliques led by CHEMBL.COMPOUND
Gene,NCBIGene,FB,17872,17872,0,+0.0%,no change in FB identifiers in Gene cliques led by NCBIGene
Cell,MESH,MESH,13,13,0,+0.0%,no change in MESH identifiers in Cell cliques led by MESH
Disease,MONDO,KEGG.DISEASE,40,40,0,+0.0%,no change in KEGG.DISEASE identifiers in Disease cliques led by MONDO
ChemicalEntity,CHEBI,PUBCHEM.COMPOUND,1,1,0,+0.0%,no change in PUBCHEM.COMPOUND identifiers in ChemicalEntity cliques led by CHEBI
AnatomicalEntity,MESH,MESH,90,90,0,+0.0%,no change in MESH identifiers in AnatomicalEntity cliques led by MESH
Pathway,SMPDB,SMPDB,30248,30248,0,+0.0%,no change in SMPDB identifiers in Pathway cliques led by SMPDB
Disease,DOID,ICD9,24,24,0,+0.0%,no change in ICD9 identifiers in Disease cliques led by DOID
AnatomicalEntity,UBERON,NCIT,569,569,0,+0.0%,no change in NCIT identifiers in AnatomicalEntity cliques led by UBERON
