# Clique leaders that may lead a clique in two compendia, each accepted for now by the issue named.
# Read by src.reports.duckdb_reports.assert_no_unexpected_duplicate_clique_leaders(): any row of the build's
# reports/duckdb/duplicate_clique_leaders.tsv whose (clique_leader, filenames) is not listed here fails the
# build. filenames is the comma-separated compendia (order does not matter). Remove a row once its issue is
# fixed; the check logs rows that no longer duplicate.
clique_leader	filenames	issue	note
# MeSH descriptors listed in two pipelines' ids/MESH because MeSH cross-lists them in two trees (e.g.
# D013171 "Spores, Bacterial" in B05 and A11). Seeded from the 2026jul22 replay in
# docs/sources/UMLS/cui-follows-mesh/2026jul22.md; also in tests/pipeline/test_vocabulary_partitioning.py.
MESH:D000091083	CellularComponent,ChemicalEntity	#730	MeSH tree cross-listing
MESH:D000961	AnatomicalEntity,ChemicalEntity,Protein	#730	MeSH tree cross-listing
MESH:D002523	AnatomicalEntity,OrganismTaxon	#1123	MeSH tree cross-listing
MESH:D002843	CellularComponent,Protein	#730	MeSH tree cross-listing
MESH:D006570	CellularComponent,Protein	#730	MeSH tree cross-listing
MESH:D008551	AnatomicalEntity,Disease	#730	MeSH tree cross-listing
MESH:D013171	Cell,OrganismTaxon	#1123	MeSH tree cross-listing
MESH:D013172	Cell,OrganismTaxon	#1123	MeSH tree cross-listing
MESH:D017358	CellularComponent,Protein	#730	MeSH tree cross-listing
MESH:D022041	CellularComponent,Protein	#730	MeSH tree cross-listing
MESH:D033661	Cell,OrganismTaxon	#1123	MeSH tree cross-listing
MESH:D033761	Cell,OrganismTaxon	#1123	MeSH tree cross-listing
MESH:D034101	Cell,OrganismTaxon	#1123	MeSH tree cross-listing
MESH:D036226	AnatomicalEntity,OrganismTaxon	#1123	MeSH tree cross-listing
MESH:D038821	AnatomicalEntity,OrganismTaxon	#1123	MeSH tree cross-listing
MESH:D048629	CellularComponent,PhenotypicFeature	#730	MeSH tree cross-listing
MESH:D052939	Cell,OrganismTaxon	#1123	MeSH tree cross-listing
MESH:D052940	Cell,OrganismTaxon	#1123	MeSH tree cross-listing
MESH:D053058	Cell,OrganismTaxon	#1123	MeSH tree cross-listing
MESH:D065309	Cell,Disease	#730	MeSH tree cross-listing
