compendium,before_leader,before_leader_label,before_leader_type,before_size,destination,destination_label,destination_kind,destination_compendium,destination_type,after_size,member_count,example_members
Disease.txt,OMIM:600209,,biolink:Disease,3,(dropped),,dropped,,,0,1,"OMIM:600209 """""
Disease.txt,OMIM:133701,,biolink:Disease,2,(dropped),,dropped,,,0,1,"OMIM:133701 """""
Disease.txt,DOID:0080409,familial adenomatous polyposis 1,biolink:Disease,1,(dropped),,dropped,,,0,1,"DOID:0080409 ""familial adenomatous polyposis 1"""
Disease.txt,orphanet:321,Multiple osteochondromas,biolink:Disease,1,(dropped),,dropped,,,0,1,"orphanet:321 ""Multiple osteochondromas"""
Disease.txt,orphanet:733,Familial adenomatous polyposis,biolink:Disease,1,(dropped),,dropped,,,0,1,"orphanet:733 ""Familial adenomatous polyposis"""
PhenotypicFeature.txt,HP:0100503,Decreased circulating vitamin B1 concentration,biolink:PhenotypicFeature,5,MONDO:0006676,beriberi,moved,Disease.txt,biolink:Disease,19,5,"HP:0100503 ""Decreased circulating vitamin B1 concentration""; MEDDRA:10047601 """"; MESH:D013832 ""Thiamine Deficiency""; SNOMEDCT:399357009 """"; UMLS:C0039841 ""Thiamine Deficiency"""
Disease.txt,OMIM:600209,,biolink:Disease,3,HP:0002762,Multiple exostoses,moved,PhenotypicFeature.txt,biolink:PhenotypicFeature,10,2,"MESH:C563975 ""Exostoses, Multiple, Type III""; UMLS:C1838420 ""Exostoses, Multiple, Type III"""
Disease.txt,OMIM:133701,,biolink:Disease,2,HP:0002762,Multiple exostoses,moved,PhenotypicFeature.txt,biolink:PhenotypicFeature,10,1,"UMLS:C1851413 ""EXOSTOSES, MULTIPLE, TYPE II"""
Disease.txt,DOID:2512,nevoid basal cell carcinoma syndrome,biolink:Disease,10,DOID:0070365,nevoid basal cell carcinoma syndrome 1,regrouped,Disease.txt,biolink:Disease,13,10,"DOID:2512 ""nevoid basal cell carcinoma syndrome""; MEDDRA:10004151 """"; MEDDRA:10062804 """"; MEDDRA:10078877 """"; MEDDRA:10078878 """""
Disease.txt,DOID:3012,Li-Fraumeni syndrome,biolink:Disease,9,DOID:0111503,Li-Fraumeni syndrome 1,regrouped,Disease.txt,biolink:Disease,12,9,"DOID:3012 ""Li-Fraumeni syndrome""; MEDDRA:10066795 """"; MESH:C567189 ""Li-Fraumeni-Like Syndrome""; MESH:D016864 ""Li-Fraumeni Syndrome""; NCIT:C3476 ""Li-Fraumeni Syndrome"""
Disease.txt,MONDO:0008762,autosomal recessive Alport syndrome,biolink:Disease,9,MONDO:0957811,"Alport syndrome 3b, autosomal recessive",regrouped,Disease.txt,biolink:Disease,5,1,"DOID:0051080 ""Alport syndrome 3B"""
Disease.txt,OMIM:145001,,biolink:Disease,9,MONDO:0001741,hyperparathyroidism,regrouped,Disease.txt,biolink:Disease,27,9,"MEDDRA:10090585 """"; MEDDRA:10090586 """"; MESH:C563273 ""Hyperparathyroidism 2""; MESH:C564165 ""Parathyroid Adenomatosis, Familial Cystic""; NCIT:C48287 ""Hyperparathyroidism-Jaw Tumor Syndrome"""
Disease.txt,OMIM:305000,,biolink:Disease,8,DOID:0070025,X-linked dyskeratosis congenita,regrouped,Disease.txt,biolink:Disease,9,8,"MESH:C536068 ""Hoyeraal Hreidarsson syndrome""; NCIT:C126352 ""X-Linked Dyskeratosis Congenita""; OMIM:305000 """"; SNOMEDCT:707276009 """"; SNOMEDCT:708536001 """""
Disease.txt,MONDO:0017117,congenital non-communicating hydrocephalus,biolink:Disease,6,MONDO:0009360,"hydrocephalus, nonsyndromic, autosomal recessive 1",regrouped,Disease.txt,biolink:Disease,5,1,"DOID:0070682 ""congenital hydrocephalus 1"""
Disease.txt,MONDO:0034092,optic atrophy-ataxia-peripheral neuropathy-global developmental delay syndrome,biolink:Disease,6,MONDO:0971174,multiple mitochondrial dysfunctions syndrome 9b,regrouped,Disease.txt,biolink:Disease,5,1,"DOID:0070736 ""multiple mitochondrial dysfunctions syndrome 9B"""
Disease.txt,DOID:0080688,mosaic variegated aneuploidy syndrome,biolink:Disease,5,DOID:0080141,mosaic variegated aneuploidy syndrome 1,regrouped,Disease.txt,biolink:Disease,8,5,"DOID:0080688 ""mosaic variegated aneuploidy syndrome""; MESH:C536987 ""Mosaic variegated aneuploidy syndrome""; NCIT:C128192 ""Mosaic Variegated Aneuploidy Syndrome 1""; OMIM:257300 """"; UMLS:C1850343 ""Mosaic variegated aneuploidy syndrome 1"""
Disease.txt,MONDO:0971064,orofacial clefting-cardiac anomalies-facial dysmorphism syndrome,biolink:Disease,5,MONDO:0978295,craniofaciocardiohepatic syndrome,regrouped,Disease.txt,biolink:Disease,5,1,"DOID:0070791 ""craniofaciocardiohepatic syndrome"""
Disease.txt,OMIM:175500,,biolink:Disease,5,DOID:6225,Cronkhite-Canada syndrome,regrouped,Disease.txt,biolink:Disease,8,5,"MEDDRA:10062907 """"; MESH:D000098858 """"; OMIM:175500 """"; SNOMEDCT:76304001 """"; UMLS:C0282207 ""Cronkhite-Canada Syndrome"""
Disease.txt,OMIM:268130,,biolink:Disease,5,DOID:0070026,Revesz syndrome,regrouped,Disease.txt,biolink:Disease,6,5,"MESH:C538371 ""Revesz Debuse syndrome""; NCIT:C152064 ""Revesz Syndrome""; OMIM:268130 """"; SNOMEDCT:723512008 """"; UMLS:C1327916 ""REVESZ SYNDROME (disorder)"""
Disease.txt,OMIM:608456,,biolink:Disease,5,DOID:0080410,familial adenomatous polyposis 2,regrouped,Disease.txt,biolink:Disease,8,5,"MEDDRA:10090739 """"; MESH:C563924 ""Colorectal Adenomatous Polyposis, Autosomal Recessive""; NCIT:C96520 ""MUTYH-Associated Polyposis""; OMIM:608456 """"; UMLS:C3272841 ""MUTYH-Associated Polyposis"""
Disease.txt,OMIM:610738,,biolink:Disease,5,DOID:0112133,severe congenital neutropenia 3,regrouped,Disease.txt,biolink:Disease,7,5,"MESH:C537592 ""Neutropenia, Severe Congenital, Autosomal Recessive 3""; NCIT:C166153 ""Severe Congenital Neutropenia Type 3, Autosomal Recessive""; OMIM:610738 """"; SNOMEDCT:770942003 """"; UMLS:C5235141 ""Neutropenia, Severe Congenital, Autosomal Recessive 3"""
Disease.txt,OMIM:162210,,biolink:Disease,4,DOID:0070482,spinal neurofibromatosis,regrouped,Disease.txt,biolink:Disease,5,4,"MESH:C563523 ""Neurofibromatosis, Familial Spinal""; OMIM:162210 """"; SNOMEDCT:1003465006 """"; UMLS:C1834235 ""NEUROFIBROMATOSIS, FAMILIAL SPINAL"""
Disease.txt,OMIM:175050,,biolink:Disease,4,DOID:0111543,juvenile polyposis-hereditary hemorrhagic telangiectasia syndrome,regrouped,Disease.txt,biolink:Disease,5,4,"MESH:C563412 ""Juvenile Polyposis with Hereditary Hemorrhagic Telangiectasia""; OMIM:175050 """"; SNOMEDCT:1149069001 """"; UMLS:C1832942 ""Juvenile Polyposis with Hereditary Hemorrhagic Telangiectasia"""
Disease.txt,OMIM:601606,,biolink:Disease,4,DOID:0061187,multiple familial trichoepithelioma 1,regrouped,Disease.txt,biolink:Disease,5,4,"NCIT:C205364 ""Familial Multiple Trichoepitheliomas""; OMIM:601606 """"; SNOMEDCT:403825008 """"; UMLS:C1275122 ""Familial multiple trichoepitheliomata"""
Disease.txt,OMIM:609310,,biolink:Disease,4,DOID:0070274,hereditary nonpolyposis colorectal cancer type 2,regrouped,Disease.txt,biolink:Disease,5,4,"MESH:D055847 ""Lynch Syndrome II""; NCIT:C6726 ""Lynch 2 Syndrome""; OMIM:609310 """"; UMLS:C1333991 ""Hereditary Non-Polyposis Colon Cancer Type 2"""
Disease.txt,OMIM:613325,,biolink:Disease,4,DOID:0060997,rhabdoid tumor predisposition syndrome 2,regrouped,Disease.txt,biolink:Disease,5,4,"MESH:C567643 ""Rhabdoid Tumor Predisposition Syndrome 2""; NCIT:C178394 ""Rhabdoid Tumor Predisposition Syndrome 2""; OMIM:613325 """"; UMLS:C2750074 ""Rhabdoid Tumor Predisposition Syndrome 2"""
Disease.txt,OMIM:613989,,biolink:Disease,4,DOID:0070016,autosomal dominant dyskeratosis congenita 2,regrouped,Disease.txt,biolink:Disease,5,4,"NCIT:C176922 ""Dyskeratosis Congenita, Autosomal Dominant 2""; OMIM:613989 """"; UMLS:C3151443 ""DYSKERATOSIS CONGENITA, AUTOSOMAL DOMINANT 2""; UMLS:C3151444 ""Dyskeratosis Congenita, Autosomal Recessive 4"""
Disease.txt,OMIM:615190,,biolink:Disease,4,DOID:0070022,autosomal recessive dyskeratosis congenita 5,regrouped,Disease.txt,biolink:Disease,5,4,"NCIT:C176928 ""Dyskeratosis Congenita, Autosomal Recessive 5""; OMIM:615190 """"; UMLS:C3554656 ""DYSKERATOSIS CONGENITA, AUTOSOMAL RECESSIVE 5""; UMLS:C3808802 ""DYSKERATOSIS CONGENITA, AUTOSOMAL DOMINANT 4"""
Disease.txt,OMIM:616553,,biolink:Disease,4,DOID:0070023,autosomal dominant dyskeratosis congenita 6,regrouped,Disease.txt,biolink:Disease,5,4,"NCIT:C176924 ""Dyskeratosis Congenita, Autosomal Dominant 6""; OMIM:616553 """"; UMLS:C4225283 ""DYSKERATOSIS CONGENITA, AUTOSOMAL RECESSIVE 7""; UMLS:C4225284 ""DYSKERATOSIS CONGENITA, AUTOSOMAL DOMINANT 6"""
Disease.txt,UMLS:C2239246,"Endometrial stromal sarcoma, high grade",biolink:Disease,4,MONDO:0006745,endometrioid stromal sarcoma,regrouped,Disease.txt,biolink:Disease,15,4,"NCIT:C126998 ""Uterine Corpus High Grade Endometrial Stromal Sarcoma""; SNOMEDCT:699358009 """"; SNOMEDCT:70555003 """"; UMLS:C2239246 ""Endometrial stromal sarcoma, high grade"""
Disease.txt,DOID:0070688,autosomal recessive congenital indifference to pain,biolink:Disease,3,MONDO:0009459,"channelopathy-associated congenital insensitivity to pain, autosomal recessive",regrouped,Disease.txt,biolink:Disease,9,3,"DOID:0070688 ""autosomal recessive congenital indifference to pain""; SNOMEDCT:1279831004 """"; UMLS:C5680180 ""Congenital insensitivity to pain, anosmia, neuropathic arthropathy"""
Disease.txt,OMIM:127550,,biolink:Disease,3,DOID:0070014,autosomal dominant dyskeratosis congenita 1,regrouped,Disease.txt,biolink:Disease,4,3,"NCIT:C176921 ""Dyskeratosis Congenita, Autosomal Dominant 1""; OMIM:127550 """"; UMLS:C4551974 ""DYSKERATOSIS CONGENITA, AUTOSOMAL DOMINANT 1"""
Disease.txt,OMIM:190351,,biolink:Disease,3,MONDO:0008596,trichorhinophalangeal syndrome type I,regrouped,Disease.txt,biolink:Disease,14,3,"MESH:C566033 ""Trichorhinophalangeal Syndrome, Type III""; OMIM:190351 """"; UMLS:C1860823 ""Trichorhinophalangeal Syndrome, Type III"""
Disease.txt,OMIM:193520,,biolink:Disease,3,DOID:0070483,Watson syndrome,regrouped,Disease.txt,biolink:Disease,4,3,"OMIM:193520 """"; SNOMEDCT:403820003 """"; UMLS:C0553586 ""Cafe-au-lait macules with pulmonary stenosis"""
Disease.txt,OMIM:224230,,biolink:Disease,3,DOID:0070015,autosomal recessive dyskeratosis congenita 1,regrouped,Disease.txt,biolink:Disease,4,3,"NCIT:C176925 ""Dyskeratosis Congenita, Autosomal Recessive 1""; OMIM:224230 """"; UMLS:C1857144 ""DYSKERATOSIS CONGENITA, AUTOSOMAL RECESSIVE 1"""
Disease.txt,OMIM:242850,,biolink:Disease,3,MONDO:0003778,inborn error of immunity,regrouped,Disease.txt,biolink:Disease,18,3,"MESH:C565469 ""Immune Deficiency Disease""; OMIM:242850 """"; UMLS:C1855771 ""Immune Deficiency Disease"""
Disease.txt,OMIM:300455,,biolink:Disease,3,DOID:0112124,X-linked retinitis pigmentosa and sinorespiratory infections,regrouped,Disease.txt,biolink:Disease,5,3,"MESH:C567595 ""Retinitis Pigmentosa, X-Linked, And Sinorespiratory Infections, With Or Without Deafness""; OMIM:300455 """"; UMLS:C2749137 ""Retinitis Pigmentosa, X-Linked, And Sinorespiratory Infections, With Or Without Deafness"""
Disease.txt,OMIM:601228,,biolink:Disease,3,DOID:0111685,hereditary mixed polyposis syndrome 1,regrouped,Disease.txt,biolink:Disease,4,3,"MESH:C563365 ""Polyposis Syndrome, Hereditary Mixed, 1""; OMIM:601228 """"; UMLS:C1832587 ""POLYPOSIS SYNDROME, HEREDITARY MIXED, 1"""
Disease.txt,OMIM:601650,,biolink:Disease,3,DOID:0061217,pheochromocytoma/paraganglioma syndrome 2,regrouped,Disease.txt,biolink:Disease,4,3,"MESH:C566646 ""Paragangliomas 2""; OMIM:601650 """"; UMLS:C1866552 ""Paragangliomas 2"""
Disease.txt,OMIM:602429,,biolink:Disease,3,MONDO:0005338,open-angle glaucoma,regrouped,Disease.txt,biolink:Disease,40,3,"MESH:C566551 ""Glaucoma 1, Open Angle, D""; OMIM:602429 """"; UMLS:C1865427 ""Glaucoma 1, Open Angle, D"""
Disease.txt,OMIM:603383,,biolink:Disease,3,MONDO:0005338,open-angle glaucoma,regrouped,Disease.txt,biolink:Disease,40,3,"MESH:C566383 ""Glaucoma 1, Open Angle, F""; OMIM:603383 """"; UMLS:C1863926 ""Glaucoma 1, Open Angle, F"""
Disease.txt,OMIM:605373,,biolink:Disease,3,DOID:0061218,pheochromocytoma/paraganglioma syndrome 3,regrouped,Disease.txt,biolink:Disease,4,3,"MESH:C565335 ""Paragangliomas 3""; OMIM:605373 """"; UMLS:C1854336 ""PARAGANGLIOMAS 3"""
Disease.txt,OMIM:609745,,biolink:Disease,3,MONDO:0005338,open-angle glaucoma,regrouped,Disease.txt,biolink:Disease,40,3,"MESH:C565724 ""Glaucoma 1, Open Angle, I""; OMIM:609745 """"; UMLS:C1857852 ""GLAUCOMA 1, OPEN ANGLE, I"""
Disease.txt,OMIM:609887,,biolink:Disease,3,MONDO:0005338,open-angle glaucoma,regrouped,Disease.txt,biolink:Disease,40,3,"MESH:C563692 ""Glaucoma 1, Open Angle, G""; OMIM:609887 """"; UMLS:C1835933 ""Glaucoma 1, Open Angle, G"""
Disease.txt,OMIM:610069,,biolink:Disease,3,DOID:0111686,hereditary mixed polyposis syndrome 2,regrouped,Disease.txt,biolink:Disease,4,3,"MESH:C566451 ""Polyposis Syndrome, Hereditary Mixed, 2""; OMIM:610069 """"; UMLS:C1864730 ""Polyposis Syndrome, Hereditary Mixed, 2"""
Disease.txt,OMIM:610071,,biolink:Disease,3,MONDO:0001741,hyperparathyroidism,regrouped,Disease.txt,biolink:Disease,27,3,"MESH:C566450 ""Hyperparathyroidism 3""; OMIM:610071 """"; UMLS:C1864729 ""HYPERPARATHYROIDISM 3"""
Disease.txt,OMIM:611276,,biolink:Disease,3,MONDO:0005338,open-angle glaucoma,regrouped,Disease.txt,biolink:Disease,40,3,"MESH:C566976 ""Glaucoma 1, Open Angle, H""; OMIM:611276 """"; UMLS:C1969811 ""Glaucoma 1, Open Angle, H"""
Disease.txt,OMIM:613244,,biolink:Disease,3,DOID:0070270,hereditary nonpolyposis colorectal cancer type 8,regrouped,Disease.txt,biolink:Disease,4,3,"MESH:C567685 ""Colorectal Cancer, Hereditary Nonpolyposis, Type 8""; OMIM:613244 """"; UMLS:C2750471 ""COLORECTAL CANCER, HEREDITARY NONPOLYPOSIS, TYPE 8"""
Disease.txt,OMIM:613987,,biolink:Disease,3,DOID:0070017,autosomal recessive dyskeratosis congenita 2,regrouped,Disease.txt,biolink:Disease,4,3,"NCIT:C176926 ""Dyskeratosis Congenita, Autosomal Recessive 2""; OMIM:613987 """"; UMLS:C3151441 ""DYSKERATOSIS CONGENITA, AUTOSOMAL RECESSIVE 2"""
Disease.txt,OMIM:613988,,biolink:Disease,3,DOID:0070019,autosomal recessive dyskeratosis congenita 3,regrouped,Disease.txt,biolink:Disease,4,3,"NCIT:C176927 ""Dyskeratosis Congenita, Autosomal Recessive 3""; OMIM:613988 """"; UMLS:C3151442 ""Dyskeratosis Congenita, Autosomal Recessive 3"""
Disease.txt,OMIM:613990,,biolink:Disease,3,DOID:0070018,autosomal dominant dyskeratosis congenita 3,regrouped,Disease.txt,biolink:Disease,4,3,"NCIT:C176923 ""Dyskeratosis Congenita, Autosomal Dominant 3""; OMIM:613990 """"; UMLS:C3151445 ""Dyskeratosis Congenita, Autosomal Dominant 3"""
Disease.txt,OMIM:614114,,biolink:Disease,3,DOID:0080142,mosaic variegated aneuploidy syndrome 2,regrouped,Disease.txt,biolink:Disease,4,3,"NCIT:C168989 ""Mosaic Variegated Aneuploidy Syndrome 2""; OMIM:614114 """"; UMLS:C3279843 ""Mosaic Variegated Aneuploidy Syndrome 2"""
Disease.txt,OMIM:614331,,biolink:Disease,3,DOID:0070273,hereditary nonpolyposis colorectal cancer type 6,regrouped,Disease.txt,biolink:Disease,4,3,"MESH:C566039 ""Colorectal Cancer, Hereditary Nonpolyposis, Type 6""; OMIM:614331 """"; UMLS:C1860896 ""COLORECTAL CANCER, HEREDITARY NONPOLYPOSIS, TYPE 6"""
Disease.txt,OMIM:614337,,biolink:Disease,3,DOID:0070275,hereditary nonpolyposis colorectal cancer type 4,regrouped,Disease.txt,biolink:Disease,4,3,"MESH:C563971 ""Colorectal Cancer, Hereditary Nonpolyposis, Type 4""; OMIM:614337 """"; UMLS:C1838333 ""COLORECTAL CANCER, HEREDITARY NONPOLYPOSIS, TYPE 4"""
Disease.txt,OMIM:614350,,biolink:Disease,3,DOID:0070272,hereditary nonpolyposis colorectal cancer type 5,regrouped,Disease.txt,biolink:Disease,4,3,"MESH:C563456 ""Colorectal Cancer, Hereditary Nonpolyposis, Type 5""; OMIM:614350 """"; UMLS:C1833477 ""COLORECTAL CANCER, HEREDITARY NONPOLYPOSIS, TYPE 5"""
Disease.txt,OMIM:614385,,biolink:Disease,3,DOID:0070276,hereditary nonpolyposis colorectal cancer type 7,regrouped,Disease.txt,biolink:Disease,4,3,"MESH:C565777 ""Colorectal Cancer, Hereditary Nonpolyposis, Type 7""; OMIM:614385 """"; UMLS:C1858380 ""Colorectal Cancer, Hereditary Nonpolyposis, Type 7"""
Disease.txt,OMIM:616200,,biolink:Disease,3,DOID:0111264,Ruijs-Aalfs syndrome,regrouped,Disease.txt,biolink:Disease,5,3,"OMIM:616200 """"; SNOMEDCT:1216939003 """"; UMLS:C4015461 ""Progeroid features, hepatocellular carcinoma predisposition syndrome"""
Disease.txt,OMIM:616353,,biolink:Disease,3,DOID:0070024,autosomal recessive dyskeratosis congenita 6,regrouped,Disease.txt,biolink:Disease,4,3,"NCIT:C176929 ""Dyskeratosis Congenita, Autosomal Recessive 6""; OMIM:616353 """"; UMLS:C4225356 ""DYSKERATOSIS CONGENITA, AUTOSOMAL RECESSIVE 6"""
Disease.txt,OMIM:616903,,biolink:Disease,3,DOID:0060996,poor metabolism of thiopurines 2,regrouped,Disease.txt,biolink:Disease,4,3,"OMIM:616903 """"; SNOMEDCT:781386002 """"; UMLS:C4225160 ""NUDT15 deficiency"""
Disease.txt,UMLS:C0684256,Bacterial sepsis,biolink:Disease,3,MONDO:0005229,bacterial infectious disease with sepsis,regrouped,Disease.txt,biolink:Disease,11,3,"MEDDRA:10053840 """"; SNOMEDCT:10001005 """"; UMLS:C0684256 ""Bacterial sepsis"""
Disease.txt,UMLS:C1333990,Hereditary Nonpolyposis Colorectal Cancer,biolink:Disease,3,DOID:0070271,Lynch syndrome 1,regrouped,Disease.txt,biolink:Disease,16,3,"NCIT:C120083 ""Hereditary Nonpolyposis Colorectal Cancer Syndrome""; SNOMEDCT:315058005 """"; UMLS:C1333990 ""Hereditary Nonpolyposis Colorectal Cancer"""
Disease.txt,UMLS:C1370913,Borderline phyllodes tumor,biolink:Disease,3,MONDO:0015871,benign breast phyllodes tumor,regrouped,Disease.txt,biolink:Disease,13,3,"NCIT:C7503 ""Borderline Phyllodes Tumor""; SNOMEDCT:71232009 """"; UMLS:C1370913 ""Borderline phyllodes tumor"""
Disease.txt,UMLS:C6022405,Kummell disease,biolink:Disease,3,MONDO:0003940,Kummell disease,regrouped,Disease.txt,biolink:Disease,12,3,"MEDDRA:10092346 """"; SNOMEDCT:240218006 """"; UMLS:C6022405 ""Kummell disease"""
Disease.txt,DOID:0080108,myoglobinuria,biolink:Disease,2,MONDO:0008046,autosomal dominant myoglobinuria,regrouped,Disease.txt,biolink:Disease,9,2,"DOID:0080108 ""myoglobinuria""; MESH:D009212 ""Myoglobinuria"""
Disease.txt,OMIM:107640,,biolink:Disease,2,MONDO:0004731,central sleep apnea syndrome,regrouped,Disease.txt,biolink:Disease,16,2,"OMIM:107640 """"; UMLS:C6066004 ""APNEA, CENTRAL SLEEP, AUTOSOMAL DOMINANT"""
Disease.txt,OMIM:115310,,biolink:Disease,2,DOID:0061219,pheochromocytoma/paraganglioma syndrome 4,regrouped,Disease.txt,biolink:Disease,3,2,"OMIM:115310 """"; UMLS:C1861848 ""PARAGANGLIOMAS 4"""
Disease.txt,OMIM:161550,,biolink:Disease,2,MONDO:0015459,nasopharyngeal carcinoma,regrouped,Disease.txt,biolink:Disease,42,2,"OMIM:161550 """"; UMLS:C2750548 ""NASOPHARYNGEAL CARCINOMA, SUSCEPTIBILITY TO, 2"""
Disease.txt,OMIM:162091,,biolink:Disease,2,DOID:0070480,schwannomatosis 1,regrouped,Disease.txt,biolink:Disease,5,2,"OMIM:162091 """"; UMLS:C4048809 ""SCHWANNOMATOSIS 1"""
Disease.txt,OMIM:207720,,biolink:Disease,2,MONDO:0004731,central sleep apnea syndrome,regrouped,Disease.txt,biolink:Disease,16,2,"OMIM:207720 """"; UMLS:C5886792 ""SLEEP APNEA, LETHAL CENTRAL"""
Disease.txt,OMIM:304900,,biolink:Disease,2,MONDO:0007450,neurohypophyseal diabetes insipidus,regrouped,Disease.txt,biolink:Disease,13,2,"OMIM:304900 """"; UMLS:C5562113 ""DIABETES INSIPIDUS, NEUROHYPOPHYSEAL, X-LINKED"""
Disease.txt,OMIM:606689,,biolink:Disease,2,MONDO:0005338,open-angle glaucoma,regrouped,Disease.txt,biolink:Disease,40,2,"OMIM:606689 """"; UMLS:C3887942 ""GLAUCOMA 1, OPEN ANGLE, B"""
Disease.txt,OMIM:608935,,biolink:Disease,2,MONDO:0008903,lung cancer,regrouped,Disease.txt,biolink:Disease,36,2,"OMIM:608935 """"; UMLS:C1837089 ""LUNG CANCER SUSCEPTIBILITY 1"""
Disease.txt,OMIM:609265,,biolink:Disease,2,DOID:0111504,Li-Fraumeni syndrome 2,regrouped,Disease.txt,biolink:Disease,6,2,"OMIM:609265 """"; UMLS:C5882668 ""TUMOR PREDISPOSITION SYNDROME 4"""
Disease.txt,OMIM:612571,,biolink:Disease,2,MONDO:0008903,lung cancer,regrouped,Disease.txt,biolink:Disease,36,2,"OMIM:612571 """"; UMLS:C2675497 ""LUNG CANCER SUSCEPTIBILITY 3"""
Disease.txt,OMIM:612593,,biolink:Disease,2,MONDO:0008903,lung cancer,regrouped,Disease.txt,biolink:Disease,36,2,"OMIM:612593 """"; UMLS:C2675479 ""LUNG CANCER SUSCEPTIBILITY 4"""
Disease.txt,OMIM:614165,,biolink:Disease,2,DOID:0061220,pheochromocytoma/paraganglioma syndrome 5,regrouped,Disease.txt,biolink:Disease,3,2,"OMIM:614165 """"; UMLS:C3279992 ""PARAGANGLIOMAS 5"""
Disease.txt,OMIM:614210,,biolink:Disease,2,MONDO:0008903,lung cancer,regrouped,Disease.txt,biolink:Disease,36,2,"OMIM:614210 """"; UMLS:C3280156 ""LUNG CANCER SUSCEPTIBILITY 5"""
Disease.txt,OMIM:615670,,biolink:Disease,2,DOID:0070481,schwannomatosis 2,regrouped,Disease.txt,biolink:Disease,5,2,"OMIM:615670 """"; UMLS:C3810283 ""SCHWANNOMATOSIS 2"""
Disease.txt,OMIM:616415,,biolink:Disease,2,DOID:0080411,familial adenomatous polyposis 3,regrouped,Disease.txt,biolink:Disease,3,2,"OMIM:616415 """"; UMLS:C4225157 ""FAMILIAL ADENOMATOUS POLYPOSIS 3"""
Disease.txt,OMIM:617100,,biolink:Disease,2,DOID:0080412,familial adenomatous polyposis 4,regrouped,Disease.txt,biolink:Disease,3,2,"OMIM:617100 """"; UMLS:C4310719 ""FAMILIAL ADENOMATOUS POLYPOSIS 4"""
Disease.txt,OMIM:617439,,biolink:Disease,2,DOID:0060912,craniosynostosis 7,regrouped,Disease.txt,biolink:Disease,3,2,"OMIM:617439 """"; UMLS:C4479496 ""CRANIOSYNOSTOSIS 7"""
Disease.txt,OMIM:617598,,biolink:Disease,2,DOID:0080689,mosaic variegated aneuploidy syndrome 3,regrouped,Disease.txt,biolink:Disease,3,2,"OMIM:617598 """"; UMLS:C4539839 ""MOSAIC VARIEGATED ANEUPLOIDY SYNDROME 3"""
Disease.txt,OMIM:618464,,biolink:Disease,2,DOID:0061221,pheochromocytoma/paraganglioma syndrome 6,regrouped,Disease.txt,biolink:Disease,3,2,"OMIM:618464 """"; UMLS:C5193112 ""PHEOCHROMOCYTOMA/PARAGANGLIOMA SYNDROME 6"""
Disease.txt,OMIM:618475,,biolink:Disease,2,DOID:0061222,pheochromocytoma/paraganglioma syndrome 7,regrouped,Disease.txt,biolink:Disease,3,2,"OMIM:618475 """"; UMLS:C5193116 ""PHEOCHROMOCYTOMA/PARAGANGLIOMA SYNDROME 7"""
Disease.txt,OMIM:620040,,biolink:Disease,2,DOID:0060984,digenic dyskeratosis congenita,regrouped,Disease.txt,biolink:Disease,3,2,"OMIM:620040 """"; UMLS:C5774217 ""DYSKERATOSIS CONGENITA, DIGENIC"""
Disease.txt,OMIM:620153,,biolink:Disease,2,DOID:0060981,mosaic variegated aneuploidy syndrome 4,regrouped,Disease.txt,biolink:Disease,3,2,"OMIM:620153 """"; UMLS:C5774267 ""MOSAIC VARIEGATED ANEUPLOIDY SYNDROME 4"""
Disease.txt,OMIM:620189,,biolink:Disease,2,DOID:0060982,mosaic variegated aneuploidy syndrome 7 with inflammation and tumor predisposition,regrouped,Disease.txt,biolink:Disease,3,2,"OMIM:620189 """"; UMLS:C5774284 ""MOSAIC VARIEGATED ANEUPLOIDY SYNDROME 7 WITH INFLAMMATION AND TUMOR PREDISPOSITION"""
Disease.txt,OMIM:620343,,biolink:Disease,2,DOID:0070366,nevoid basal cell carcinoma syndrome 2,regrouped,Disease.txt,biolink:Disease,3,2,"OMIM:620343 """"; UMLS:C5830451 ""BASAL CELL NEVUS SYNDROME 2"""
Disease.txt,UMLS:C0021151,Incipient Schizophrenia,biolink:Disease,2,MONDO:0001087,schizotypal personality disorder,regrouped,Disease.txt,biolink:Disease,22,2,"SNOMEDCT:247804008 """"; UMLS:C0021151 ""Incipient Schizophrenia"""
Disease.txt,UMLS:C0263665,"Keratoconjunctivitis sicca, in Sjögren's syndrome",biolink:Disease,2,MONDO:0006733,dry eye syndrome,regrouped,Disease.txt,biolink:Disease,15,2,"SNOMEDCT:78946008 """"; UMLS:C0263665 ""Keratoconjunctivitis sicca, in Sjögren's syndrome"""
Disease.txt,UMLS:C0277348,Infestation by Anoplura,biolink:Disease,2,MONDO:0003472,lice infestation,regrouped,Disease.txt,biolink:Disease,15,2,"SNOMEDCT:74949007 """"; UMLS:C0277348 ""Infestation by Anoplura"""
Disease.txt,UMLS:C0334163,Fibrous bands,biolink:Disease,2,MONDO:0007074,ainhum,regrouped,Disease.txt,biolink:Disease,14,2,"SNOMEDCT:51404004 """"; UMLS:C0334163 ""Fibrous bands"""
Disease.txt,UMLS:C0334284,Mixed islet cell and exocrine adenocarcinoma,biolink:Disease,2,MONDO:0004340,mixed ductal-endocrine carcinoma of pancreas,regrouped,Disease.txt,biolink:Disease,10,2,"SNOMEDCT:999000 """"; UMLS:C0334284 ""Mixed islet cell and exocrine adenocarcinoma"""
Disease.txt,UMLS:C1275103,Autosomal dominant familial wooly hair,biolink:Disease,2,MONDO:0020717,autosomal dominant wooly hair,regrouped,Disease.txt,biolink:Disease,7,2,"SNOMEDCT:403794008 """"; UMLS:C1275103 ""Autosomal dominant familial wooly hair"""
Disease.txt,UMLS:C1276147,Metastatic islet cell carcinoma,biolink:Disease,2,MONDO:0005815,pancreatic neuroendocrine neoplasm,regrouped,Disease.txt,biolink:Disease,28,2,"SNOMEDCT:261713004 """"; UMLS:C1276147 ""Metastatic islet cell carcinoma"""
Disease.txt,UMLS:C1277108,Primary malignant neoplasm of laryngeal cartilage,biolink:Disease,2,MONDO:0001691,laryngeal cartilage cancer,regrouped,Disease.txt,biolink:Disease,11,2,"SNOMEDCT:109370001 """"; UMLS:C1277108 ""Primary malignant neoplasm of laryngeal cartilage"""
Disease.txt,UMLS:C1304820,Primary malignant neoplasm of ascending colon,biolink:Disease,2,MONDO:0002238,ascending colon cancer,regrouped,Disease.txt,biolink:Disease,11,2,"SNOMEDCT:93683002 """"; UMLS:C1304820 ""Primary malignant neoplasm of ascending colon"""
Disease.txt,UMLS:C1304821,Primary malignant neoplasm of descending colon,biolink:Disease,2,MONDO:0001462,descending colon cancer,regrouped,Disease.txt,biolink:Disease,12,2,"SNOMEDCT:93771007 """"; UMLS:C1304821 ""Primary malignant neoplasm of descending colon"""
Disease.txt,UMLS:C1304822,Primary malignant neoplasm of hepatic flexure of colon,biolink:Disease,2,MONDO:0002357,hepatic flexure cancer,regrouped,Disease.txt,biolink:Disease,11,2,"SNOMEDCT:93826009 """"; UMLS:C1304822 ""Primary malignant neoplasm of hepatic flexure of colon"""
Disease.txt,UMLS:C1304823,Primary malignant neoplasm of sigmoid colon,biolink:Disease,2,MONDO:0001464,sigmoid colon cancer,regrouped,Disease.txt,biolink:Disease,11,2,"SNOMEDCT:94006002 """"; UMLS:C1304823 ""Primary malignant neoplasm of sigmoid colon"""
