target,target_prefix,doid_subject_count,doid_subjects
ICD10:H90.3,ICD10,134,DOID:0050564|DOID:0050565|DOID:0050566|DOID:0060690|DOID:0110462|DOID:0110463|DOID:0110464|DOID:0110465|DOID:0110467|DOID:0110468|DOID:0110469|DOID:0110470|DOID:0110471|DOID:0110472|DOID:0110473|DOID:0110474|DOID:0110475|DOID:0110476|DOID:0110477|DOID:0110478|DOID:0110479|DOID:0110480|DOID:0110481|DOID:0110482|DOID:0110483|DOID:0110484|DOID:0110485|DOID:0110486|DOID:0110487|DOID:0110488|DOID:0110489|DOID:0110490|DOID:0110491|DOID:0110492|DOID:0110493|DOID:0110494|DOID:0110495|DOID:0110496|DOID:0110497|DOID:0110498|DOID:0110499|DOID:0110500|DOID:0110501|DOID:0110502|DOID:0110503|DOID:0110504|DOID:0110505|DOID:0110506|DOID:0110507|DOID:0110508|DOID:0110509|DOID:0110510|DOID:0110511|DOID:0110512|DOID:0110513|DOID:0110514|DOID:0110515|DOID:0110516|DOID:0110517|DOID:0110518|DOID:0110519|DOID:0110520|DOID:0110521|DOID:0110522|DOID:0110523|DOID:0110524|DOID:0110525|DOID:0110526|DOID:0110527|DOID:0110528|DOID:0110529|DOID:0110530|DOID:0110531|DOID:0110532|DOID:0110533|DOID:0110534|DOID:0110535|DOID:0110536|DOID:0110537|DOID:0110538|DOID:0110539|DOID:0110540|DOID:0110541|DOID:0110542|DOID:0110543|DOID:0110544|DOID:0110545|DOID:0110546|DOID:0110547|DOID:0110548|DOID:0110549|DOID:0110550|DOID:0110551|DOID:0110552|DOID:0110553|DOID:0110554|DOID:0110555|DOID:0110556|DOID:0110557|DOID:0110558|DOID:0110559|DOID:0110560|DOID:0110561|DOID:0110562|DOID:0110563|DOID:0110564|DOID:0110565|DOID:0110566|DOID:0110567|DOID:0110568|DOID:0110569|DOID:0110570|DOID:0110571|DOID:0110572|DOID:0110573|DOID:0110574|DOID:0110575|DOID:0110576|DOID:0110577|DOID:0110579|DOID:0110580|DOID:0110581|DOID:0110582|DOID:0110583|DOID:0110584|DOID:0110585|DOID:0110586|DOID:0110587|DOID:0110588|DOID:0110589|DOID:0110590|DOID:0110591|DOID:0110592|DOID:0110593
ICD10:H35.5,ICD10,107,DOID:0050572|DOID:0050661|DOID:0060745|DOID:0060746|DOID:0060863|DOID:0080350|DOID:0110005|DOID:0110016|DOID:0110078|DOID:0110079|DOID:0110080|DOID:0110118|DOID:0110188|DOID:0110189|DOID:0110215|DOID:0110216|DOID:0110217|DOID:0110291|DOID:0110329|DOID:0110330|DOID:0110331|DOID:0110332|DOID:0110333|DOID:0110352|DOID:0110353|DOID:0110354|DOID:0110355|DOID:0110356|DOID:0110357|DOID:0110358|DOID:0110359|DOID:0110360|DOID:0110361|DOID:0110362|DOID:0110363|DOID:0110364|DOID:0110365|DOID:0110366|DOID:0110367|DOID:0110368|DOID:0110369|DOID:0110370|DOID:0110371|DOID:0110372|DOID:0110373|DOID:0110374|DOID:0110375|DOID:0110376|DOID:0110377|DOID:0110378|DOID:0110379|DOID:0110380|DOID:0110381|DOID:0110382|DOID:0110383|DOID:0110384|DOID:0110385|DOID:0110386|DOID:0110387|DOID:0110388|DOID:0110389|DOID:0110390|DOID:0110391|DOID:0110392|DOID:0110393|DOID:0110394|DOID:0110395|DOID:0110396|DOID:0110397|DOID:0110398|DOID:0110399|DOID:0110400|DOID:0110401|DOID:0110402|DOID:0110403|DOID:0110404|DOID:0110405|DOID:0110406|DOID:0110407|DOID:0110408|DOID:0110409|DOID:0110410|DOID:0110411|DOID:0110412|DOID:0110413|DOID:0110414|DOID:0110415|DOID:0110416|DOID:0110417|DOID:0110418|DOID:0110419|DOID:0110420|DOID:0110421|DOID:0110422|DOID:0110830|DOID:0110831|DOID:0110832|DOID:0110833|DOID:0110834|DOID:0110835|DOID:0110837|DOID:0110838|DOID:0110839|DOID:0110840|DOID:0110841|DOID:0110842|DOID:8500
ICD10:G11.4,ICD10,60,DOID:0050886|DOID:0060245|DOID:0060491|DOID:0110763|DOID:0110764|DOID:0110765|DOID:0110766|DOID:0110767|DOID:0110768|DOID:0110769|DOID:0110770|DOID:0110771|DOID:0110772|DOID:0110773|DOID:0110774|DOID:0110775|DOID:0110776|DOID:0110777|DOID:0110778|DOID:0110779|DOID:0110780|DOID:0110781|DOID:0110782|DOID:0110783|DOID:0110785|DOID:0110786|DOID:0110787|DOID:0110788|DOID:0110789|DOID:0110790|DOID:0110791|DOID:0110792|DOID:0110793|DOID:0110794|DOID:0110795|DOID:0110796|DOID:0110797|DOID:0110798|DOID:0110800|DOID:0110801|DOID:0110805|DOID:0110806|DOID:0110807|DOID:0110808|DOID:0110809|DOID:0110810|DOID:0110811|DOID:0110812|DOID:0110813|DOID:0110814|DOID:0110815|DOID:0110816|DOID:0110817|DOID:0110818|DOID:0110820|DOID:0110822|DOID:0110823|DOID:0110824|DOID:0110825|DOID:2476
ICD10:G60.0,ICD10,58,DOID:0090003|DOID:0110148|DOID:0110149|DOID:0110150|DOID:0110151|DOID:0110152|DOID:0110153|DOID:0110154|DOID:0110155|DOID:0110156|DOID:0110157|DOID:0110158|DOID:0110159|DOID:0110160|DOID:0110161|DOID:0110163|DOID:0110164|DOID:0110165|DOID:0110166|DOID:0110167|DOID:0110168|DOID:0110169|DOID:0110170|DOID:0110173|DOID:0110174|DOID:0110175|DOID:0110177|DOID:0110179|DOID:0110182|DOID:0110183|DOID:0110184|DOID:0110185|DOID:0110186|DOID:0110187|DOID:0110190|DOID:0110191|DOID:0110192|DOID:0110193|DOID:0110194|DOID:0110195|DOID:0110196|DOID:0110197|DOID:0110198|DOID:0110199|DOID:0110200|DOID:0110202|DOID:0110203|DOID:0110204|DOID:0110205|DOID:0110206|DOID:0110207|DOID:0110208|DOID:0110209|DOID:0110210|DOID:0110211|DOID:0110212|DOID:10595|DOID:2477
ICD10:Q12.0,ICD10,44,DOID:0110227|DOID:0110228|DOID:0110229|DOID:0110230|DOID:0110231|DOID:0110232|DOID:0110233|DOID:0110234|DOID:0110235|DOID:0110236|DOID:0110237|DOID:0110238|DOID:0110239|DOID:0110240|DOID:0110241|DOID:0110242|DOID:0110243|DOID:0110245|DOID:0110246|DOID:0110248|DOID:0110249|DOID:0110250|DOID:0110251|DOID:0110252|DOID:0110253|DOID:0110254|DOID:0110255|DOID:0110256|DOID:0110257|DOID:0110258|DOID:0110259|DOID:0110260|DOID:0110261|DOID:0110262|DOID:0110263|DOID:0110264|DOID:0110265|DOID:0110266|DOID:0110267|DOID:0110268|DOID:0110269|DOID:0110270|DOID:0110271|DOID:0110272
ICD10:I42.0,ICD10,38,DOID:0110423|DOID:0110424|DOID:0110426|DOID:0110427|DOID:0110428|DOID:0110429|DOID:0110430|DOID:0110431|DOID:0110432|DOID:0110433|DOID:0110434|DOID:0110435|DOID:0110436|DOID:0110437|DOID:0110438|DOID:0110439|DOID:0110441|DOID:0110442|DOID:0110443|DOID:0110444|DOID:0110445|DOID:0110446|DOID:0110447|DOID:0110448|DOID:0110449|DOID:0110450|DOID:0110451|DOID:0110452|DOID:0110453|DOID:0110454|DOID:0110455|DOID:0110456|DOID:0110457|DOID:0110458|DOID:0110459|DOID:0110460|DOID:0110461|DOID:12930
ICD10:E23.0,ICD10,32,DOID:0060870|DOID:0060872|DOID:0060873|DOID:0060874|DOID:0060875|DOID:0090070|DOID:0090071|DOID:0090072|DOID:0090073|DOID:0090074|DOID:0090075|DOID:0090076|DOID:0090077|DOID:0090078|DOID:0090079|DOID:0090080|DOID:0090081|DOID:0090082|DOID:0090083|DOID:0090084|DOID:0090085|DOID:0090086|DOID:0090087|DOID:0090089|DOID:0090090|DOID:0090092|DOID:0090093|DOID:0090094|DOID:3614|DOID:9406|DOID:9410|DOID:9476
ICD10:Q34.8,ICD10,32,DOID:0110594|DOID:0110596|DOID:0110597|DOID:0110598|DOID:0110599|DOID:0110600|DOID:0110601|DOID:0110602|DOID:0110603|DOID:0110604|DOID:0110605|DOID:0110606|DOID:0110607|DOID:0110608|DOID:0110609|DOID:0110611|DOID:0110612|DOID:0110613|DOID:0110614|DOID:0110615|DOID:0110616|DOID:0110617|DOID:0110618|DOID:0110619|DOID:0110621|DOID:0110622|DOID:0110623|DOID:0110624|DOID:0110625|DOID:0110626|DOID:0110627|DOID:0110628
ICD10:G71.0,ICD10,31,DOID:0070247|DOID:0080092|DOID:0080094|DOID:0110273|DOID:0110274|DOID:0110275|DOID:0110276|DOID:0110277|DOID:0110278|DOID:0110279|DOID:0110280|DOID:0110281|DOID:0110282|DOID:0110283|DOID:0110284|DOID:0110285|DOID:0110287|DOID:0110289|DOID:0110292|DOID:0110293|DOID:0110294|DOID:0110295|DOID:0110296|DOID:0110297|DOID:0110298|DOID:0110299|DOID:0110303|DOID:0110304|DOID:0110305|DOID:0110306|DOID:9884
ICD10:E10,ICD10,21,DOID:0110741|DOID:0110742|DOID:0110743|DOID:0110744|DOID:0110745|DOID:0110746|DOID:0110747|DOID:0110749|DOID:0110750|DOID:0110751|DOID:0110752|DOID:0110753|DOID:0110754|DOID:0110755|DOID:0110756|DOID:0110757|DOID:0110758|DOID:0110759|DOID:0110760|DOID:0110761|DOID:9744
ICD10:Q87.8,ICD10,20,DOID:0050764|DOID:0050779|DOID:0060225|DOID:0060233|DOID:0060464|DOID:0060482|DOID:0060641|DOID:0060747|DOID:0060802|DOID:0060804|DOID:0060809|DOID:0060811|DOID:0060813|DOID:0060816|DOID:0060820|DOID:0060822|DOID:0060824|DOID:0060826|DOID:0060830|DOID:0110595
ICD10:Q87.89,ICD10,19,DOID:0110123|DOID:0110124|DOID:0110125|DOID:0110126|DOID:0110127|DOID:0110128|DOID:0110129|DOID:0110130|DOID:0110131|DOID:0110132|DOID:0110133|DOID:0110134|DOID:0110135|DOID:0110136|DOID:0110137|DOID:0110138|DOID:0110139|DOID:0110140|DOID:0110141
ICD10:Q93.5,ICD10,19,DOID:0060390|DOID:0060391|DOID:0060394|DOID:0060395|DOID:0060397|DOID:0060400|DOID:0060404|DOID:0060405|DOID:0060407|DOID:0060409|DOID:0060411|DOID:0060412|DOID:0060415|DOID:0060417|DOID:0060422|DOID:0060425|DOID:0060428|DOID:0060732|DOID:0060768
ICD10:K00.5,ICD10,18,DOID:0110052|DOID:0110053|DOID:0110054|DOID:0110055|DOID:0110056|DOID:0110057|DOID:0110058|DOID:0110059|DOID:0110060|DOID:0110061|DOID:0110062|DOID:0110063|DOID:0110064|DOID:0110065|DOID:0110066|DOID:2187|DOID:4154|DOID:701
ICD10:Q78.0,ICD10,18,DOID:0110335|DOID:0110336|DOID:0110337|DOID:0110338|DOID:0110339|DOID:0110340|DOID:0110341|DOID:0110342|DOID:0110343|DOID:0110344|DOID:0110345|DOID:0110346|DOID:0110347|DOID:0110348|DOID:0110349|DOID:0110350|DOID:0110351|DOID:12347
MESH:D008579,MESH,18,DOID:0080842|DOID:1138|DOID:3565|DOID:3772|DOID:4141|DOID:4210|DOID:4211|DOID:4587|DOID:4588|DOID:4594|DOID:6114|DOID:6548|DOID:6869|DOID:7210|DOID:7211|DOID:7212|DOID:7213|DOID:8057
ICD10:E75.2,ICD10,16,DOID:0060787|DOID:0060789|DOID:0060790|DOID:0060791|DOID:0060798|DOID:0060868|DOID:0070111|DOID:0070112|DOID:0070113|DOID:0070114|DOID:0090111|DOID:0110957|DOID:0110958|DOID:0110959|DOID:0110960|DOID:0110961
ICD10:G24.1,ICD10,16,DOID:0050835|DOID:0060730|DOID:0090034|DOID:0090037|DOID:0090038|DOID:0090039|DOID:0090041|DOID:0090042|DOID:0090043|DOID:0090046|DOID:0090048|DOID:0090050|DOID:0090055|DOID:0090056|DOID:0090057|DOID:0090058
ICD10:Q82.8,ICD10,16,DOID:0050429|DOID:0070129|DOID:0070130|DOID:0070131|DOID:0070132|DOID:0070133|DOID:0070134|DOID:0070135|DOID:0070136|DOID:0070137|DOID:0070138|DOID:0070140|DOID:0070141|DOID:0070142|DOID:2732|DOID:3144
ICD10:E75.4,ICD10,15,DOID:0110720|DOID:0110721|DOID:0110722|DOID:0110723|DOID:0110724|DOID:0110725|DOID:0110726|DOID:0110727|DOID:0110728|DOID:0110729|DOID:0110730|DOID:0110731|DOID:0110732|DOID:0110733|DOID:14503
ICD10:Q87.0,ICD10,14,DOID:0060316|DOID:0060359|DOID:0060380|DOID:0070757|DOID:0090001|DOID:0110716|DOID:0110717|DOID:0110718|DOID:0110719|DOID:0111604|DOID:13501|DOID:2907|DOID:4258|DOID:4501
ICD10:Q87.1,ICD10,13,DOID:0050569|DOID:0060578|DOID:0060580|DOID:0060581|DOID:0060582|DOID:0060583|DOID:0060584|DOID:0060585|DOID:0060586|DOID:0060587|DOID:0060588|DOID:0060608|DOID:0060609
ICD10:G30,ICD10,12,DOID:0110035|DOID:0110037|DOID:0110038|DOID:0110039|DOID:0110041|DOID:0110043|DOID:0110044|DOID:0110045|DOID:0110046|DOID:0110047|DOID:0110048|DOID:10652
ICD10:I42.8,ICD10,12,DOID:0060675|DOID:0110070|DOID:0110072|DOID:0110073|DOID:0110074|DOID:0110075|DOID:0110076|DOID:0110077|DOID:0110081|DOID:0110082|DOID:0110083|DOID:0110084
ICD10:I45.8,ICD10,12,DOID:0110644|DOID:0110645|DOID:0110646|DOID:0110647|DOID:0110648|DOID:0110650|DOID:0110651|DOID:0110652|DOID:0110653|DOID:0110654|DOID:0110655|DOID:0110656
ICD10:Q77.2,ICD10,12,DOID:0050592|DOID:0110085|DOID:0110086|DOID:0110087|DOID:0110088|DOID:0110089|DOID:0110090|DOID:0110091|DOID:0110092|DOID:0110093|DOID:0110094|DOID:0110095
ICD10:I49.8,ICD10,10,DOID:0050451|DOID:0110218|DOID:0110219|DOID:0110220|DOID:0110221|DOID:0110222|DOID:0110223|DOID:0110224|DOID:0110225|DOID:0110226
ICD10:Q04.3,ICD10,10,DOID:0050453|DOID:0050777|DOID:0060270|DOID:0060276|DOID:0060277|DOID:0060278|DOID:0060807|DOID:0090137|DOID:0110096|DOID:4626
ICD10:Q21.1,ICD10,10,DOID:0110106|DOID:0110107|DOID:0110108|DOID:0110109|DOID:0110110|DOID:0110111|DOID:0110112|DOID:0110113|DOID:0110114|DOID:1882
ICD10:Q80.2,ICD10,10,DOID:0060656|DOID:0060710|DOID:0060711|DOID:0060712|DOID:0060714|DOID:0060715|DOID:0060716|DOID:0060717|DOID:0060718|DOID:0060719
ICD10:D84.1,ICD10,9,DOID:0060295|DOID:0060297|DOID:0060298|DOID:0060299|DOID:0060300|DOID:0060301|DOID:0060302|DOID:0060303|DOID:626
ICD10:Q82.1,ICD10,9,DOID:0050427|DOID:0110843|DOID:0110844|DOID:0110845|DOID:0110846|DOID:0110847|DOID:0110848|DOID:0110849|DOID:0110850
ICD10:Q92.3,ICD10,9,DOID:0060430|DOID:0060431|DOID:0060432|DOID:0060433|DOID:0060434|DOID:0060435|DOID:0060436|DOID:0060459|DOID:0060460
MESH:D001254,MESH,9,DOID:3069|DOID:3078|DOID:4851|DOID:5077|DOID:6726|DOID:6811|DOID:7005|DOID:7007|DOID:7008
ICD0:9811/3,ICD0,8,DOID:0070623|DOID:0070624|DOID:0070625|DOID:0070626|DOID:0070627|DOID:0070628|DOID:0081411|DOID:0081412
ICD0:9861/3,ICD0,8,DOID:0070323|DOID:0070629|DOID:0070630|DOID:0070631|DOID:0070632|DOID:0070633|DOID:0081095|DOID:9119
ICD10:E03.1,ICD10,8,DOID:0050328|DOID:0070123|DOID:0070124|DOID:0070125|DOID:0070126|DOID:0070127|DOID:0070128|DOID:0111140
ICD10:G71.2,ICD10,8,DOID:0110632|DOID:0110633|DOID:0110634|DOID:0110635|DOID:0110637|DOID:0110639|DOID:0110640|DOID:0112374
ICD10:H18.5,ICD10,8,DOID:0060445|DOID:0060446|DOID:0060447|DOID:0060450|DOID:0060452|DOID:0060454|DOID:0060457|DOID:2566
ICD10:Q61.9,ICD10,8,DOID:0050778|DOID:0070115|DOID:0070116|DOID:0070117|DOID:0070118|DOID:0070119|DOID:0070120|DOID:0070122
ICD10:Q87.2,ICD10,8,DOID:0060468|DOID:0060861|DOID:0090024|DOID:14679|DOID:14699|DOID:1933|DOID:2926|DOID:9467
ICD10:N04.1,ICD10,7,DOID:0111128|DOID:0111129|DOID:0111130|DOID:0111131|DOID:0111132|DOID:0111133|DOID:0111134
ICD10:P78.3,ICD10,7,DOID:0060775|DOID:0060776|DOID:0060777|DOID:0060778|DOID:0060779|DOID:0060780|DOID:0060781
ICD10:Q11.0,ICD10,7,DOID:0060835|DOID:0060836|DOID:0060838|DOID:0060839|DOID:0060840|DOID:0060841|DOID:0060842
ICD10:Q87.19,ICD10,7,DOID:0060254|DOID:11725|DOID:14681|DOID:14796|DOID:2962|DOID:3490|DOID:6683
ORDO:2440,ORDO,7,DOID:0090020|DOID:0090021|DOID:0090022|DOID:0090023|DOID:0090025|DOID:0090026|DOID:0090027
ORDO:2542,ORDO,7,DOID:0060835|DOID:0060836|DOID:0060838|DOID:0060839|DOID:0060840|DOID:0060841|DOID:0060842
SNOMEDCT_US_2025_09_01:266218008,SNOMEDCT_US_2025_09_01,7,DOID:0050133|DOID:12711|DOID:13450|DOID:13564|DOID:13902|DOID:14484|DOID:1731
ICD0:9396/3,ICD0,6,DOID:0080888|DOID:0080892|DOID:0081252|DOID:0081253|DOID:0081254|DOID:0081255
ICD10:E26.8,ICD10,6,DOID:0110142|DOID:0110143|DOID:0110144|DOID:0110145|DOID:0110146|DOID:0110147
ICD10:E74.0,ICD10,6,DOID:0090101|DOID:0111040|DOID:0111041|DOID:0111042|DOID:0111043|DOID:2747
ICD10:E83.4,ICD10,6,DOID:0060879|DOID:0060880|DOID:0060882|DOID:0060883|DOID:0060884|DOID:0060885
ICD10:G23.0,ICD10,6,DOID:0110735|DOID:0110736|DOID:0110738|DOID:0110739|DOID:0110740|DOID:3981
ICD10:G24.8,ICD10,6,DOID:0090047|DOID:0090049|DOID:0090051|DOID:0090052|DOID:0090053|DOID:0090054
ICD10:I47.2,ICD10,6,DOID:0060674|DOID:0060675|DOID:0060676|DOID:0060677|DOID:0060678|DOID:0060679
ICD10:Q77.3,ICD10,6,DOID:0060292|DOID:0060293|DOID:0110851|DOID:0110852|DOID:0110853|DOID:2581
MESH:C574275,MESH,6,DOID:0090020|DOID:0090022|DOID:0090023|DOID:0090025|DOID:0090026|DOID:0090027
MESH:D002292,MESH,6,DOID:4450|DOID:4464|DOID:4465|DOID:4467|DOID:4471|DOID:4473
MESH:D003117,MESH,6,DOID:11661|DOID:13399|DOID:13909|DOID:13910|DOID:13911|DOID:13912
NCIT:C75000,NCIT,6,DOID:0090020|DOID:0090022|DOID:0090023|DOID:0090025|DOID:0090026|DOID:0090027
SNOMEDCT_US_2025_09_01:81208006,SNOMEDCT_US_2025_09_01,6,DOID:0090020|DOID:0090022|DOID:0090023|DOID:0090025|DOID:0090026|DOID:0090027
UMLS:C0265554,UMLS,6,DOID:0090020|DOID:0090022|DOID:0090023|DOID:0090025|DOID:0090026|DOID:0090027
ICD10:D69.1,ICD10,5,DOID:0111044|DOID:0111049|DOID:0111051|DOID:11125|DOID:2219
ICD10:D69.4,ICD10,5,DOID:0060651|DOID:0060691|DOID:0090102|DOID:0111048|DOID:8925
ICD10:D75.1,ICD10,5,DOID:0060474|DOID:2834|DOID:2838|DOID:2839|DOID:8432
ICD10:D84.8,ICD10,5,DOID:0090007|DOID:0090008|DOID:0090009|DOID:0090010|DOID:0090011
ICD10:E71.1,ICD10,5,DOID:0060740|DOID:0060741|DOID:0060742|DOID:0060743|DOID:0090126
ICD10:E83.1,ICD10,5,DOID:0111029|DOID:0111031|DOID:0111033|DOID:0111034|DOID:2351
ICD10:E83.5,ICD10,5,DOID:0060699|DOID:0060700|DOID:0060701|DOID:0060702|DOID:10575
ICD10:G12.2,ICD10,5,DOID:0060193|DOID:0060194|DOID:0060196|DOID:0111064|DOID:231
MESH:D000236,MESH,5,DOID:3172|DOID:5403|DOID:6203|DOID:6204|DOID:657
MESH:D006689,MESH,5,DOID:8543|DOID:8567|DOID:8628|DOID:8642|DOID:8654
MESH:D008527,MESH,5,DOID:0050902|DOID:3861|DOID:3864|DOID:3868|DOID:3869
MESH:D009084,MESH,5,DOID:0111393|DOID:0111394|DOID:0111395|DOID:0111402|DOID:12801
ORDO:169150,ORDO,5,DOID:0060299|DOID:0060301|DOID:0060302|DOID:0060303|DOID:8158
ORDO:2524,ORDO,5,DOID:0060267|DOID:0060268|DOID:0060269|DOID:0060270|DOID:0112328
ICD0:9385/3,ICD0,4,DOID:0080684|DOID:0080880|DOID:0081277|DOID:0081278
ICD0:9391/3,ICD0,4,DOID:0080889|DOID:0080890|DOID:5074|DOID:5503
ICD10:C92.0,ICD10,4,DOID:0081085|DOID:0081086|DOID:0081087|DOID:9119
ICD10:C96.4,ICD10,4,DOID:6262|DOID:7146|DOID:7848|DOID:7849
ICD10:D47.01,ICD10,4,DOID:12309|DOID:3663|DOID:3665|DOID:3666
ICD10:D47.09,ICD10,4,DOID:350|DOID:3664|DOID:4658|DOID:4659
ICD10:D47.9,ICD10,4,DOID:0060707|DOID:0060708|DOID:0110115|DOID:0110116
ICD10:D56.0,ICD10,4,DOID:0110029|DOID:0110030|DOID:0110031|DOID:1099
ICD10:D58.2,ICD10,4,DOID:2859|DOID:2860|DOID:5378|DOID:5379
ICD10:D68.59,ICD10,4,DOID:2451|DOID:2452|DOID:3755|DOID:3756
ICD10:D69.8,ICD10,4,DOID:0060692|DOID:0111045|DOID:0111056|DOID:0111057
ICD10:E70.3,ICD10,4,DOID:0050632|DOID:0060831|DOID:0090100|DOID:0110949
ICD10:E72.1,ICD10,4,DOID:0111037|DOID:0111038|DOID:0111039|DOID:0111165
ICD10:E76.22,ICD10,4,DOID:0111393|DOID:0111394|DOID:0111395|DOID:0111402
ICD10:E78.6,ICD10,4,DOID:1386|DOID:1387|DOID:1388|DOID:1391
ICD10:E88.1,ICD10,4,DOID:0111135|DOID:0111136|DOID:0111137|DOID:0111138
ICD10:G20,ICD10,4,DOID:0060891|DOID:0060895|DOID:0060896|DOID:14330
ICD10:G25.8,ICD10,4,DOID:0060695|DOID:0060696|DOID:0060697|DOID:0060698
ICD10:H30.9,ICD10,4,DOID:10176|DOID:11406|DOID:3612|DOID:8886
ICD10:K52.9,ICD10,4,DOID:0060180|DOID:0060189|DOID:0060190|DOID:2326
ICD10:L50.2,ICD10,4,DOID:0090061|DOID:0090062|DOID:0090064|DOID:0090065
ICD10:Q13.8,ICD10,4,DOID:0060648|DOID:0110120|DOID:0110121|DOID:0110122
ICD10:Q73.8,ICD10,4,DOID:0110962|DOID:0110963|DOID:0110967|DOID:0110975
ICD10:Q81.0,ICD10,4,DOID:0060735|DOID:0060736|DOID:0090017|DOID:4644
ICD10:Q87.3,ICD10,4,DOID:0060476|DOID:0080351|DOID:14748|DOID:5572
ICD10:Q87.5,ICD10,4,DOID:0060179|DOID:0070748|DOID:0110091|DOID:0110097
MESH:D000077195,MESH,4,DOID:0070664|DOID:2876|DOID:5515|DOID:5520
MESH:D000098943,MESH,4,DOID:6039|DOID:6438|DOID:6524|DOID:6994
MESH:D000230,MESH,4,DOID:299|DOID:4903|DOID:4929|DOID:5675
MESH:D000742,MESH,4,DOID:0111397|DOID:0111399|DOID:0111401|DOID:1338
MESH:D002547,MESH,4,DOID:10965|DOID:10968|DOID:10970|DOID:1969
MESH:D005693,MESH,4,DOID:0111458|DOID:0111459|DOID:14695|DOID:9870
MESH:D006391,MESH,4,DOID:255|DOID:277|DOID:468|DOID:474
MESH:D009837,MESH,4,DOID:3181|DOID:3183|DOID:3186|DOID:7912
MESH:D010930,MESH,4,DOID:10398|DOID:10773|DOID:3481|DOID:3482
MESH:D018242,MESH,4,DOID:0050902|DOID:0080903|DOID:4790|DOID:7398
MESH:D020914,MESH,4,DOID:0111217|DOID:0111225|DOID:14717|DOID:422
MESH:D052245,MESH,4,DOID:0050439|DOID:0110827|DOID:0110828|DOID:0110829
MESH:D052496,MESH,4,DOID:0050440|DOID:0070202|DOID:0070204|DOID:0070207
MESH:D053306,MESH,4,DOID:0060023|DOID:0060758|DOID:0060759|DOID:0080544
ORDO:280763,ORDO,4,DOID:0110799|DOID:0110802|DOID:0110803|DOID:0110804
ORDO:3152,ORDO,4,DOID:0060251|DOID:0060756|DOID:0060757|DOID:0080036
ORDO:3197,ORDO,4,DOID:0060695|DOID:0060696|DOID:0060697|DOID:0060698
GARD:9948,GARD,3,DOID:0070317|DOID:0070318|DOID:13725
ICD0:9421/1,ICD0,3,DOID:0081260|DOID:0081279|DOID:4851
ICD0:9500/3,ICD0,3,DOID:0080906|DOID:0081315|DOID:769
ICD0:9506/1,ICD0,3,DOID:0081314|DOID:14174|DOID:6458
ICD0:9509/1,ICD0,3,DOID:0081283|DOID:0081284|DOID:0081285
ICD0:9766/1,ICD0,3,DOID:0081307|DOID:0081308|DOID:0081309
ICD10:B66.8,ICD10,3,DOID:1218|DOID:882|DOID:884
ICD10:D70,ICD10,3,DOID:0050590|DOID:1227|DOID:12987
ICD10:D82.8,ICD10,3,DOID:0060551|DOID:0060769|DOID:0090113
ICD10:E74.09,ICD10,3,DOID:11721|DOID:2750|DOID:2754
ICD10:G10,ICD10,3,DOID:0090103|DOID:0090104|DOID:12858
ICD10:G11.1,ICD10,3,DOID:0060792|DOID:0060794|DOID:0060797
ICD10:G71.1,ICD10,3,DOID:0050759|DOID:0090005|DOID:450
ICD10:G72.3,ICD10,3,DOID:1029|DOID:14451|DOID:14452
ICD10:H18.50,ICD10,3,DOID:0110855|DOID:0110856|DOID:0110857
ICD10:I70,ICD10,3,DOID:1936|DOID:2349|DOID:5162
ICD10:J45,ICD10,3,DOID:2841|DOID:9360|DOID:9415
ICD10:K11.8,ICD10,3,DOID:12899|DOID:12900|DOID:12901
ICD10:K12.1,ICD10,3,DOID:11875|DOID:9637|DOID:9673
ICD10:K13.0,ICD10,3,DOID:0060312|DOID:1762|DOID:9297
ICD10:K83.09,ICD10,3,DOID:14268|DOID:14269|DOID:14270
ICD10:M77.9,ICD10,3,DOID:204|DOID:2964|DOID:971
ICD10:N04,ICD10,3,DOID:10966|DOID:1184|DOID:2590
ICD10:N08,ICD10,3,DOID:10952|DOID:2921|DOID:557
ICD10:Q78.2,ICD10,3,DOID:0110946|DOID:13533|DOID:4254
ICD10:Q78.4,ICD10,3,DOID:0060221|DOID:0090015|DOID:4624
MESH:C536189,MESH,3,DOID:0060782|DOID:0060783|DOID:0060784
MESH:C536350,MESH,3,DOID:0070331|DOID:0080119|DOID:0080127
MESH:D000073605,MESH,3,DOID:10921|DOID:11103|DOID:11104
MESH:D000092164,MESH,3,DOID:12958|DOID:12959|DOID:13038
MESH:D000168,MESH,3,DOID:12960|DOID:14705|DOID:14768
MESH:D003110,MESH,3,DOID:219|DOID:234|DOID:235
MESH:D003233,MESH,3,DOID:11204|DOID:2457|DOID:2474
MESH:D003317,MESH,3,DOID:12318|DOID:2565|DOID:2566
MESH:D003397,MESH,3,DOID:3840|DOID:3846|DOID:3847
MESH:D003929,MESH,3,DOID:11503|DOID:12785|DOID:9743
MESH:D004806,MESH,3,DOID:4844|DOID:5075|DOID:5505
MESH:D005099,MESH,3,DOID:1142|DOID:1143|DOID:11853
MESH:D007174,MESH,3,DOID:10937|DOID:12400|DOID:12401
MESH:D007890,MESH,3,DOID:1967|DOID:5264|DOID:5268
MESH:D008059,MESH,3,DOID:0111389|DOID:0111390|DOID:12802
MESH:D008080,MESH,3,DOID:3382|DOID:5690|DOID:5702
MESH:D009085,MESH,3,DOID:0111391|DOID:0111392|DOID:12804
MESH:D009134,MESH,3,DOID:0111552|DOID:12377|DOID:318
MESH:D009373,MESH,3,DOID:2994|DOID:3095|DOID:688
MESH:D009494,MESH,3,DOID:10035|DOID:10039|DOID:9988
MESH:D009759,MESH,3,DOID:11771|DOID:13174|DOID:9650
MESH:D010009,MESH,3,DOID:0111788|DOID:12721|DOID:2256
MESH:D010211,MESH,3,DOID:10175|DOID:146|DOID:6929
MESH:D010392,MESH,3,DOID:0060851|DOID:0080850|DOID:9182
MESH:D010854,MESH,3,DOID:0050133|DOID:12711|DOID:13902
MESH:D010911,MESH,3,DOID:1785|DOID:3829|DOID:4916
MESH:D011546,MESH,3,DOID:0060854|DOID:0060855|DOID:4479
MESH:D011657,MESH,3,DOID:5870|DOID:9498|DOID:9503
MESH:D012170,MESH,3,DOID:13514|DOID:1727|DOID:2450
MESH:D012734,MESH,3,DOID:1923|DOID:3763|DOID:3765
MESH:D013981,MESH,3,DOID:10600|DOID:2768|DOID:2769
MESH:D014715,MESH,3,DOID:13003|DOID:13095|DOID:223
MESH:D014897,MESH,3,DOID:0050530|DOID:0060160|DOID:12376
MESH:D015356,MESH,3,DOID:13094|DOID:13098|DOID:8483
MESH:D015470,MESH,3,DOID:0081086|DOID:0081087|DOID:9119
MESH:D015835,MESH,3,DOID:10235|DOID:1279|DOID:538
MESH:D015840,MESH,3,DOID:10864|DOID:10866|DOID:11550
MESH:D016472,MESH,3,DOID:230|DOID:231|DOID:4873
MESH:D018317,MESH,3,DOID:1192|DOID:3193|DOID:4697
MESH:D020191,MESH,3,DOID:0060162|DOID:0111444|DOID:891
MESH:D020422,MESH,3,DOID:1188|DOID:1802|DOID:1835
MESH:D020528,MESH,3,DOID:0050783|DOID:0050784|DOID:0050785
MESH:D020967,MESH,3,DOID:0050759|DOID:0111538|DOID:450
MESH:D034721,MESH,3,DOID:349|DOID:4660|DOID:4798
MESH:D049309,MESH,3,DOID:172|DOID:174|DOID:4322
MESH:D054221,MESH,3,DOID:0060402|DOID:0060469|DOID:0111169
MESH:D054463,MESH,3,DOID:0111866|DOID:0111868|DOID:2960
NCIT:C126329,NCIT,3,DOID:0050439|DOID:0110828|DOID:0110829
NCIT:C148261,NCIT,3,DOID:0060782|DOID:0060783|DOID:0060784
ORDO:101046,ORDO,3,DOID:0060748|DOID:0060751|DOID:0060754
ORDO:163717,ORDO,3,DOID:0060749|DOID:0060750|DOID:0060752
ORDO:169147,ORDO,3,DOID:0060295|DOID:0060297|DOID:0060298
ORDO:1896,ORDO,3,DOID:0060782|DOID:0060783|DOID:0060784
ORDO:2254,ORDO,3,DOID:0060265|DOID:0060266|DOID:0112322
ORDO:3107,ORDO,3,DOID:0060765|DOID:0060766|DOID:0060767
ORDO:47045,ORDO,3,DOID:0090061|DOID:0090062|DOID:0090065
ORDO:7,ORDO,3,DOID:0060565|DOID:0060571|DOID:0060572
SNOMEDCT_US_2025_09_01:201096007,SNOMEDCT_US_2025_09_01,3,DOID:11684|DOID:6498|DOID:6945
SNOMEDCT_US_2025_09_01:254915003,SNOMEDCT_US_2025_09_01,3,DOID:4450|DOID:4451|DOID:4467
SNOMEDCT_US_2025_09_01:255084004,SNOMEDCT_US_2025_09_01,3,DOID:12239|DOID:4284|DOID:5525
SNOMEDCT_US_2025_09_01:266193008,SNOMEDCT_US_2025_09_01,3,DOID:0050508|DOID:8729|DOID:8736
SNOMEDCT_US_2025_09_01:28655007,SNOMEDCT_US_2025_09_01,3,DOID:5690|DOID:5704|DOID:8233
SNOMEDCT_US_2025_09_01:2962009,SNOMEDCT_US_2025_09_01,3,DOID:5477|DOID:5479|DOID:5482
SNOMEDCT_US_2025_09_01:3548001,SNOMEDCT_US_2025_09_01,3,DOID:10383|DOID:3690|DOID:8443
SNOMEDCT_US_2025_09_01:39788007,SNOMEDCT_US_2025_09_01,3,DOID:0060782|DOID:0060783|DOID:0060784
SNOMEDCT_US_2025_09_01:42717009,SNOMEDCT_US_2025_09_01,3,DOID:2660|DOID:5565|DOID:7079
SNOMEDCT_US_2025_09_01:70179006,SNOMEDCT_US_2025_09_01,3,DOID:4896|DOID:4897|DOID:4947
UMLS:C0031898,UMLS,3,DOID:0050133|DOID:12711|DOID:13902
UMLS:C0406704,UMLS,3,DOID:0060782|DOID:0060783|DOID:0060784
GARD:12474,GARD,2,DOID:0080986|DOID:0080987
GARD:48,GARD,2,DOID:0081377|DOID:3762
GARD:5791,GARD,2,DOID:0060945|DOID:2187
GARD:6002,GARD,2,DOID:0050876|DOID:0081394
GARD:625,GARD,2,DOID:0051080|DOID:0110033
GARD:7220,GARD,2,DOID:0050580|DOID:0070212
GARD:7674,GARD,2,DOID:0060160|DOID:12377
GARD:8609,GARD,2,DOID:0050156|DOID:0060941
GARD:9226,GARD,2,DOID:0060611|DOID:14221
GARD:9971,GARD,2,DOID:0080786|DOID:0081433
ICD0:8211/3,ICD0,2,DOID:4929|DOID:6587
ICD0:8260/3,ICD0,2,DOID:3112|DOID:3969
ICD0:8290/0,ICD0,2,DOID:0081306|DOID:5389
ICD0:8290/3,ICD0,2,DOID:6585|DOID:8161
ICD0:8314/3,ICD0,2,DOID:5658|DOID:7076
ICD0:8720/3,ICD0,2,DOID:1909|DOID:6085
ICD0:8901/3,ICD0,2,DOID:3250|DOID:8251
ICD0:9080/3,ICD0,2,DOID:3307|DOID:5563
ICD0:9231/3,ICD0,2,DOID:4549|DOID:5861
ICD0:9362/3,ICD0,2,DOID:1664|DOID:5030
ICD0:9370/3,ICD0,2,DOID:0081417|DOID:3302
ICD0:9392/3,ICD0,2,DOID:0060083|DOID:5889
ICD0:9400/3,ICD0,2,DOID:0081256|DOID:3069
ICD0:9401/3,ICD0,2,DOID:0080876|DOID:0081257
ICD0:9413/0,ICD0,2,DOID:0081305|DOID:2679
ICD0:9430/3,ICD0,2,DOID:0080904|DOID:7305
ICD0:9440/3,ICD0,2,DOID:0080878|DOID:3068
ICD0:9450/3,ICD0,2,DOID:0081281|DOID:3181
ICD0:9471/3,ICD0,2,DOID:0080705|DOID:3873
ICD0:9538/1,ICD0,2,DOID:4210|DOID:8368
ICD0:9680/3,ICD0,2,DOID:0050745|DOID:0081313
ICD0:9699/3,ICD0,2,DOID:0050748|DOID:0050909
ICD0:9749/3,ICD0,2,DOID:0111278|DOID:4329
ICD10:A07.8,ICD10,2,DOID:14397|DOID:9640
ICD10:A18.17,ICD10,2,DOID:0050166|DOID:2148
ICD10:A69.22,ICD10,2,DOID:10554|DOID:1389
ICD10:B20,ICD10,2,DOID:526|DOID:635
ICD10:B35,ICD10,2,DOID:4336|DOID:8913
ICD10:C18.9,ICD10,2,DOID:5672|DOID:9256
ICD10:C22.0,ICD10,2,DOID:3571|DOID:684
ICD10:C22.1,ICD10,2,DOID:4928|DOID:4947
ICD10:C25.4,ICD10,2,DOID:1798|DOID:1799
ICD10:C38.0,ICD10,2,DOID:116|DOID:117
ICD10:C44,ICD10,2,DOID:2095|DOID:4840
ICD10:C49,ICD10,2,DOID:1115|DOID:4045
ICD10:C50,ICD10,2,DOID:1612|DOID:3443
ICD10:C58,ICD10,2,DOID:2021|DOID:3594
ICD10:C71.7,ICD10,2,DOID:4203|DOID:4706
ICD10:C81,ICD10,2,DOID:8567|DOID:8642
ICD10:C85.9,ICD10,2,DOID:0060058|DOID:0060060
ICD10:D18.0,ICD10,2,DOID:255|DOID:483
ICD10:D47.02,ICD10,2,DOID:349|DOID:4660
ICD10:D47.1,ICD10,2,DOID:2226|DOID:4960
ICD10:D61.0,ICD10,2,DOID:0060479|DOID:1342
ICD10:D61.01,ICD10,2,DOID:1339|DOID:1342
ICD10:D65,ICD10,2,DOID:0060538|DOID:11247
ICD10:D68.2,ICD10,2,DOID:2215|DOID:2216
ICD10:D75.0,ICD10,2,DOID:0060652|DOID:10780
ICD10:D81.1,ICD10,2,DOID:0090012|DOID:0090013
ICD10:D82.3,ICD10,2,DOID:0060705|DOID:0060706
ICD10:E03.9,ICD10,2,DOID:11634|DOID:1459
ICD10:E04.9,ICD10,2,DOID:12176|DOID:13195
ICD10:E05.9,ICD10,2,DOID:7997|DOID:7998
ICD10:E06.0,ICD10,2,DOID:14350|DOID:14353
ICD10:E07.1,ICD10,2,DOID:0060744|DOID:12175
ICD10:E13.8,ICD10,2,DOID:0110629|DOID:0110630
ICD10:E23.6,ICD10,2,DOID:0090088|DOID:6676
ICD10:E31.0,ICD10,2,DOID:0090110|DOID:14040
ICD10:E55.0,ICD10,2,DOID:0080883|DOID:10609
ICD10:E70.29,ICD10,2,DOID:14223|DOID:9270
ICD10:E71.3,ICD10,2,DOID:0090031|DOID:0090129
ICD10:E72.19,ICD10,2,DOID:0090142|DOID:0111270
ICD10:E72.538,ICD10,2,DOID:0111671|DOID:0111672
ICD10:E72.59,ICD10,2,DOID:0111626|DOID:0112307
ICD10:E74.4,ICD10,2,DOID:3649|DOID:3651
ICD10:E76.0,ICD10,2,DOID:0060222|DOID:12802
ICD10:E77.1,ICD10,2,DOID:0050461|DOID:14500
ICD10:E78.3,ICD10,2,DOID:0060357|DOID:14118
ICD10:E85.0,ICD10,2,DOID:0090018|DOID:0090029
ICD10:E88.2,ICD10,2,DOID:3153|DOID:3928
ICD10:E88.8,ICD10,2,DOID:0070742|DOID:0070752
ICD10:F01.1,ICD10,2,DOID:0111035|DOID:0111036
ICD10:F33.9,ICD10,2,DOID:1470|DOID:1596
ICD10:F34.1,ICD10,2,DOID:12139|DOID:4964
ICD10:F45.0,ICD10,2,DOID:13918|DOID:4737
ICD10:F48.9,ICD10,2,DOID:10935|DOID:4964
ICD10:F60.3,ICD10,2,DOID:10930|DOID:12401
ICD10:F80.9,ICD10,2,DOID:2033|DOID:93
ICD10:G03,ICD10,2,DOID:12156|DOID:9471
ICD10:G12.1,ICD10,2,DOID:0050529|DOID:0111552
ICD10:G25.5,ICD10,2,DOID:0060810|DOID:12859
ICD10:G40.8,ICD10,2,DOID:0060281|DOID:2538
ICD10:G47.3,ICD10,2,DOID:0050847|DOID:0060731
ICD10:G51.0,ICD10,2,DOID:12506|DOID:13934
ICD10:G54.0,ICD10,2,DOID:3103|DOID:3690
ICD10:G54.5,ICD10,2,DOID:10383|DOID:3689
ICD10:G57.3,ICD10,2,DOID:12527|DOID:6925
ICD10:G60.1,ICD10,2,DOID:0050444|DOID:10582
ICD10:G61.0,ICD10,2,DOID:12842|DOID:12889
ICD10:G61.81,ICD10,2,DOID:2536|DOID:5213
ICD10:G71.09,ICD10,2,DOID:11719|DOID:11720
ICD10:G93.42,ICD10,2,DOID:0080315|DOID:0080316
ICD10:G98,ICD10,2,DOID:0050635|DOID:863
ICD10:H00.01,ICD10,2,DOID:13134|DOID:9909
ICD10:H05.11,ICD10,2,DOID:10499|DOID:9369
ICD10:H16.32,ICD10,2,DOID:0060216|DOID:13353
ICD10:H35.81,ICD10,2,DOID:10175|DOID:6929
ICD10:H43.81,ICD10,2,DOID:11816|DOID:9726
ICD10:H47.1,ICD10,2,DOID:10175|DOID:146
ICD10:H81.0,ICD10,2,DOID:9848|DOID:9849
ICD10:I10,ICD10,2,DOID:10763|DOID:10825
ICD10:I21,ICD10,2,DOID:5844|DOID:9408
ICD10:I26.09,ICD10,2,DOID:8514|DOID:8517
ICD10:I45.6,ICD10,2,DOID:13087|DOID:384
ICD10:J00,ICD10,2,DOID:10459|DOID:10460
ICD10:J32.0,ICD10,2,DOID:10792|DOID:2051
ICD10:J32.1,ICD10,2,DOID:10790|DOID:10791
ICD10:J32.2,ICD10,2,DOID:9312|DOID:9507
ICD10:J32.3,ICD10,2,DOID:10793|DOID:10794
ICD10:J60,ICD10,2,DOID:10324|DOID:10327
ICD10:J69.0,ICD10,2,DOID:0050152|DOID:3240
ICD10:J82.81,ICD10,2,DOID:5870|DOID:9502
ICD10:J84.114,ICD10,2,DOID:2797|DOID:2800
ICD10:K00.0,ICD10,2,DOID:0050591|DOID:13714
ICD10:K02,ICD10,2,DOID:10461|DOID:216
ICD10:K03.3,ICD10,2,DOID:13240|DOID:14529
ICD10:K04.2,ICD10,2,DOID:11189|DOID:5608
ICD10:K04.5,ICD10,2,DOID:11269|DOID:823
ICD10:K11.2,ICD10,2,DOID:10301|DOID:10303
ICD10:K29.6,ICD10,2,DOID:4038|DOID:8757
ICD10:K31.5,ICD10,2,DOID:13687|DOID:3558
ICD10:K44,ICD10,2,DOID:12642|DOID:3827
ICD10:K50.0,ICD10,2,DOID:0060188|DOID:0060191
ICD10:K50.1,ICD10,2,DOID:0060192|DOID:8778
ICD10:K52,ICD10,2,DOID:0060186|DOID:0060187
ICD10:K91.1,ICD10,2,DOID:14495|DOID:8439
ICD10:L23.0,ICD10,2,DOID:0040046|DOID:0040056
ICD10:L40.1,ICD10,2,DOID:0080474|DOID:8503
ICD10:L74.4,ICD10,2,DOID:11155|DOID:11156
ICD10:L82,ICD10,2,DOID:4400|DOID:6498
ICD10:M04.1,ICD10,2,DOID:0050452|DOID:2987
ICD10:M27.8,ICD10,2,DOID:0070648|DOID:203
ICD10:M31.0,ICD10,2,DOID:9808|DOID:9809
ICD10:M72.2,ICD10,2,DOID:8936|DOID:9600
ICD10:M85.2,ICD10,2,DOID:0060756|DOID:0060757
ICD10:M89.4,ICD10,2,DOID:10393|DOID:14283
ICD10:M93.9,ICD10,2,DOID:8125|DOID:84
ICD10:N12,ICD10,2,DOID:1063|DOID:2744
ICD10:N19,ICD10,2,DOID:1074|DOID:4676
ICD10:N21.0,ICD10,2,DOID:11354|DOID:11355
ICD10:N60.0,ICD10,2,DOID:10349|DOID:10350
ICD10:N62,ICD10,2,DOID:10688|DOID:12698
ICD10:N70,ICD10,2,DOID:10972|DOID:5732
ICD10:N80.0,ICD10,2,DOID:288|DOID:361
ICD10:O26.4,ICD10,2,DOID:0040098|DOID:14482
ICD10:P70.2,ICD10,2,DOID:0060334|DOID:11717
ICD10:Q05,ICD10,2,DOID:0060326|DOID:0080016
ICD10:Q07.8,ICD10,2,DOID:0070745|DOID:560
ICD10:Q11.2,ICD10,2,DOID:0111716|DOID:10629
ICD10:Q13.4,ICD10,2,DOID:0060287|DOID:0060673
ICD10:Q20.3,ICD10,2,DOID:0060770|DOID:0060772
ICD10:Q28.3,ICD10,2,DOID:0060670|DOID:0060671
ICD10:Q35.3,ICD10,2,DOID:0110213|DOID:0110214
ICD10:Q60.4,ICD10,2,DOID:0090006|DOID:0111142
ICD10:Q61.5,ICD10,2,DOID:0050576|DOID:12712
ICD10:Q74.0,ICD10,2,DOID:13994|DOID:9827
ICD10:Q77.4,ICD10,2,DOID:0080041|DOID:4480
ICD10:Q77.7,ICD10,2,DOID:0090004|DOID:0090032
ICD10:Q79.2,ICD10,2,DOID:0060321|DOID:0060327
ICD10:Q80.8,ICD10,2,DOID:0060720|DOID:0060871
ICD10:Q81.2,ICD10,2,DOID:0060642|DOID:4959
ICD10:Q81.8,ICD10,2,DOID:0060733|DOID:0060738
ICD10:Q85.0,ICD10,2,DOID:0060403|DOID:8712
ICD10:Q85.89,ICD10,2,DOID:0111563|DOID:3852
ICD10:Q99.8,ICD10,2,DOID:0060427|DOID:0060461
ICD10:Q99.813,ICD10,2,DOID:0050439|DOID:0110829
ICD10:R48.8,ICD10,2,DOID:0060223|DOID:4540
ICD10:R73.03,ICD10,2,DOID:10603|DOID:11716
ICD9:009.2,ICD9,2,DOID:12384|DOID:13250
ICD9:016.6,ICD9,2,DOID:0050166|DOID:2148
ICD9:021.8,ICD9,2,DOID:14239|DOID:2123
ICD9:201,ICD9,2,DOID:8567|DOID:8642
ICD9:205.1,ICD9,2,DOID:0081088|DOID:8552
ICD9:300.81,ICD9,2,DOID:13918|DOID:4737
ICD9:357.81,ICD9,2,DOID:2536|DOID:5213
ICD9:359.2,ICD9,2,DOID:0050759|DOID:450
ICD9:362.83,ICD9,2,DOID:10175|DOID:6929
ICD9:377.0,ICD9,2,DOID:10175|DOID:146
ICD9:396.3,ICD9,2,DOID:11502|DOID:57
ICD9:415,ICD9,2,DOID:8514|DOID:8517
ICD9:478.19,ICD9,2,DOID:0050161|DOID:974
ICD9:516.33,ICD9,2,DOID:2797|DOID:2800
ICD9:520.0,ICD9,2,DOID:0050591|DOID:13714
ICD9:555.1,ICD9,2,DOID:0060192|DOID:8778
ICD9:558,ICD9,2,DOID:0060186|DOID:0060187
ICD9:585.6,ICD9,2,DOID:783|DOID:784
ICD9:709.1,ICD9,2,DOID:0040099|DOID:9540
ICD9:756.72,ICD9,2,DOID:0060321|DOID:0060327
KEGG.DISEASE:05215,KEGG.DISEASE,2,DOID:10283|DOID:10286
KEGG.DISEASE:05321,KEGG.DISEASE,2,DOID:0050589|DOID:9778
MESH:C535289,MESH,2,DOID:0060330|DOID:0090119
MESH:C535934,MESH,2,DOID:0070222|DOID:0070232
MESH:C536141,MESH,2,DOID:0080315|DOID:0080316
MESH:C537743,MESH,2,DOID:0050534|DOID:8498
MESH:C538365,MESH,2,DOID:0110390|DOID:10584
MESH:C563003,MESH,2,DOID:0051060|DOID:9255
MESH:C580473,MESH,2,DOID:0080124|DOID:0080128
MESH:D000070779,MESH,2,DOID:2701|DOID:314
MESH:D000071017,MESH,2,DOID:0060695|DOID:0060696
MESH:D000071243,MESH,2,DOID:0060478|DOID:0080180
MESH:D000074009,MESH,2,DOID:5439|DOID:5445
MESH:D000080203,MESH,2,DOID:2797|DOID:2800
MESH:D000086002,MESH,2,DOID:1790|DOID:7474
MESH:D000099245,MESH,2,DOID:0060321|DOID:0060327
MESH:D000130,MESH,2,DOID:0111158|DOID:4480
MESH:D000381,MESH,2,DOID:0060223|DOID:4540
MESH:D000550,MESH,2,DOID:10375|DOID:10376
MESH:D000647,MESH,2,DOID:10914|DOID:11037
MESH:D000690,MESH,2,DOID:0111246|DOID:332
MESH:D000848,MESH,2,DOID:0050591|DOID:13714
MESH:D001005,MESH,2,DOID:4551|DOID:4908
MESH:D001063,MESH,2,DOID:11239|DOID:11240
MESH:D001650,MESH,2,DOID:4606|DOID:4897
MESH:D001943,MESH,2,DOID:1612|DOID:3459
MESH:D001948,MESH,2,DOID:2636|DOID:4217
MESH:D002062,MESH,2,DOID:14188|DOID:2965
MESH:D002189,MESH,2,DOID:1849|DOID:9505
MESH:D002277,MESH,2,DOID:305|DOID:4015
MESH:D002357,MESH,2,DOID:1222|DOID:2557
MESH:D002430,MESH,2,DOID:1517|DOID:1521
MESH:D002537,MESH,2,DOID:12720|DOID:13097
MESH:D002549,MESH,2,DOID:0060215|DOID:0080122
MESH:D003123,MESH,2,DOID:0070271|DOID:3883
MESH:D003389,MESH,2,DOID:3817|DOID:5656
MESH:D003424,MESH,2,DOID:0060192|DOID:8778
MESH:D003528,MESH,2,DOID:0080202|DOID:4866
MESH:D003557,MESH,2,DOID:1631|DOID:3016
MESH:D003607,MESH,2,DOID:950|DOID:9938
MESH:D003866,MESH,2,DOID:1595|DOID:4964
MESH:D003882,MESH,2,DOID:10223|DOID:14203
MESH:D003969,MESH,2,DOID:5574|DOID:6977
MESH:D004062,MESH,2,DOID:11198|DOID:12583
MESH:D004066,MESH,2,DOID:3118|DOID:77
MESH:D004379,MESH,2,DOID:10021|DOID:1737
MESH:D004403,MESH,2,DOID:12384|DOID:13250
MESH:D004410,MESH,2,DOID:13417|DOID:4428
MESH:D004428,MESH,2,DOID:5101|DOID:833
MESH:D004476,MESH,2,DOID:14693|DOID:2121
MESH:D004604,MESH,2,DOID:0050138|DOID:4976
MESH:D004671,MESH,2,DOID:10842|DOID:646
MESH:D004673,MESH,2,DOID:13664|DOID:639
MESH:D004684,MESH,2,DOID:10992|DOID:5222
MESH:D004832,MESH,2,DOID:0070309|DOID:1825
MESH:D004931,MESH,2,DOID:13186|DOID:9164
MESH:D004948,MESH,2,DOID:10293|DOID:9840
MESH:D005128,MESH,2,DOID:0070356|DOID:5614
MESH:D005155,MESH,2,DOID:14075|DOID:1756
MESH:D005185,MESH,2,DOID:1963|DOID:1964
MESH:D005198,MESH,2,DOID:0070562|DOID:1062
MESH:D005203,MESH,2,DOID:14453|DOID:2708
MESH:D005348,MESH,2,DOID:10354|DOID:5998
MESH:D005729,MESH,2,DOID:2426|DOID:4817
MESH:D005882,MESH,2,DOID:1483|DOID:5337
MESH:D005892,MESH,2,DOID:13924|DOID:9673
MESH:D005902,MESH,2,DOID:1067|DOID:1070
MESH:D005909,MESH,2,DOID:3068|DOID:3074
MESH:D005910,MESH,2,DOID:3070|DOID:5076
MESH:D005918,MESH,2,DOID:2431|DOID:2436
MESH:D006177,MESH,2,DOID:11603|DOID:12698
MESH:D006223,MESH,2,DOID:0050657|DOID:6457
MESH:D006501,MESH,2,DOID:12550|DOID:13413
MESH:D006660,MESH,2,DOID:1731|DOID:1759
MESH:D006929,MESH,2,DOID:12028|DOID:446
MESH:D007007,MESH,2,DOID:11155|DOID:11156
MESH:D007018,MESH,2,DOID:9406|DOID:9476
MESH:D007027,MESH,2,DOID:1931|DOID:6676
MESH:D007414,MESH,2,DOID:10155|DOID:4610
MESH:D007418,MESH,2,DOID:0080072|DOID:8442
MESH:D007516,MESH,2,DOID:1799|DOID:3892
MESH:D007580,MESH,2,DOID:13499|DOID:3218
MESH:D007766,MESH,2,DOID:13757|DOID:1400
MESH:D007822,MESH,2,DOID:2596|DOID:2598
MESH:D007889,MESH,2,DOID:127|DOID:13223
MESH:D007951,MESH,2,DOID:8593|DOID:8692
MESH:D008067,MESH,2,DOID:10192|DOID:3315
MESH:D008072,MESH,2,DOID:0111418|DOID:14118
MESH:D008209,MESH,2,DOID:0070212|DOID:4977
MESH:D008228,MESH,2,DOID:0060060|DOID:8538
MESH:D008268,MESH,2,DOID:10871|DOID:4448
MESH:D008269,MESH,2,DOID:4447|DOID:4449
MESH:D008883,MESH,2,DOID:11153|DOID:1382
MESH:D009221,MESH,2,DOID:13374|DOID:668
MESH:D009379,MESH,2,DOID:461|DOID:5039
MESH:D009443,MESH,2,DOID:1803|DOID:683
MESH:D009477,MESH,2,DOID:0050548|DOID:2491
MESH:D009901,MESH,2,DOID:14555|DOID:1891
MESH:D009958,MESH,2,DOID:0060316|DOID:4501
MESH:D010013,MESH,2,DOID:0110334|DOID:12347
MESH:D010022,MESH,2,DOID:0110938|DOID:13533
MESH:D010190,MESH,2,DOID:1793|DOID:4905
MESH:D010195,MESH,2,DOID:2913|DOID:4989
MESH:D010212,MESH,2,DOID:139|DOID:2615
MESH:D010255,MESH,2,DOID:0050619|DOID:1350
MESH:D010282,MESH,2,DOID:1540|DOID:7608
MESH:D010412,MESH,2,DOID:11615|DOID:11624
MESH:D010490,MESH,2,DOID:11482|DOID:118
MESH:D010520,MESH,2,DOID:1474|DOID:9893
MESH:D010871,MESH,2,DOID:1664|DOID:5032
MESH:D011009,MESH,2,DOID:10316|DOID:12522
MESH:D011015,MESH,2,DOID:0050152|DOID:3240
MESH:D011115,MESH,2,DOID:1389|DOID:14402
MESH:D011502,MESH,2,DOID:11801|DOID:12328
MESH:D011565,MESH,2,DOID:4398|DOID:8893
MESH:D011618,MESH,2,DOID:11328|DOID:5418
MESH:D011629,MESH,2,DOID:0111545|DOID:0112308
MESH:D012004,MESH,2,DOID:1984|DOID:1993
MESH:D012061,MESH,2,DOID:13034|DOID:13035
MESH:D012167,MESH,2,DOID:12514|DOID:7633
MESH:D012173,MESH,2,DOID:10176|DOID:3612
MESH:D012175,MESH,2,DOID:4648|DOID:768
MESH:D012509,MESH,2,DOID:4235|DOID:6193
MESH:D012563,MESH,2,DOID:1229|DOID:778
MESH:D012594,MESH,2,DOID:419|DOID:8472
MESH:D012811,MESH,2,DOID:12192|DOID:1896
MESH:D012872,MESH,2,DOID:2731|DOID:8508
MESH:D012878,MESH,2,DOID:3165|DOID:4159
MESH:D012891,MESH,2,DOID:0050847|DOID:0080302
MESH:D012899,MESH,2,DOID:8736|DOID:9153
MESH:D013001,MESH,2,DOID:13918|DOID:4737
MESH:D013285,MESH,2,DOID:9306|DOID:9837
MESH:D013585,MESH,2,DOID:12225|DOID:2703
MESH:D013724,MESH,2,DOID:3307|DOID:5563
MESH:D013734,MESH,2,DOID:0080775|DOID:4674
MESH:D013945,MESH,2,DOID:3275|DOID:3284
MESH:D013964,MESH,2,DOID:1781|DOID:3963
MESH:D014201,MESH,2,DOID:884|DOID:888
MESH:D014438,MESH,2,DOID:11254|DOID:11256
MESH:D014516,MESH,2,DOID:11819|DOID:11885
MESH:D014523,MESH,2,DOID:730|DOID:734
MESH:D014849,MESH,2,DOID:0110948|DOID:9258
MESH:D014901,MESH,2,DOID:2365|DOID:2366
MESH:D015179,MESH,2,DOID:0080199|DOID:9256
MESH:D015209,MESH,2,DOID:0060643|DOID:14268
MESH:D015417,MESH,2,DOID:13137|DOID:2477
MESH:D015464,MESH,2,DOID:0081088|DOID:8552
MESH:D015616,MESH,2,DOID:4330|DOID:4394
MESH:D016511,MESH,2,DOID:5812|DOID:627
MESH:D016715,MESH,2,DOID:0050657|DOID:13482
MESH:D016889,MESH,2,DOID:1380|DOID:2871
MESH:D017098,MESH,2,DOID:0060025|DOID:11701
MESH:D018219,MESH,2,DOID:4415|DOID:4418
MESH:D018239,MESH,2,DOID:4440|DOID:5842
MESH:D018281,MESH,2,DOID:4928|DOID:4947
MESH:D018302,MESH,2,DOID:6128|DOID:7305
MESH:D018307,MESH,2,DOID:1749|DOID:3168
MESH:D018319,MESH,2,DOID:3512|DOID:5940
MESH:D018856,MESH,2,DOID:13949|DOID:1678
MESH:D019966,MESH,2,DOID:302|DOID:303
MESH:D019970,MESH,2,DOID:809|DOID:9975
MESH:D020277,MESH,2,DOID:2536|DOID:5213
MESH:D020293,MESH,2,DOID:2555|DOID:525
MESH:D020339,MESH,2,DOID:4992|DOID:6576
MESH:D020426,MESH,2,DOID:11446|DOID:12528
MESH:D020427,MESH,2,DOID:4201|DOID:6925
MESH:D020435,MESH,2,DOID:14423|DOID:7558
MESH:D020754,MESH,2,DOID:0050957|DOID:1441
MESH:D020821,MESH,2,DOID:0050835|DOID:543
MESH:D020936,MESH,2,DOID:14264|DOID:14777
MESH:D020968,MESH,2,DOID:10383|DOID:3689
MESH:D034701,MESH,2,DOID:3663|DOID:3665
MESH:D049310,MESH,2,DOID:0111078|DOID:11720
MESH:D050398,MESH,2,DOID:2775|DOID:2776
MESH:D053358,MESH,2,DOID:0111664|DOID:14793
MESH:D054546,MESH,2,DOID:0050765|DOID:0050766
MESH:D055034,MESH,2,DOID:7489|DOID:8125
MESH:D055652,MESH,2,DOID:0111044|DOID:0111049
MESH:D056988,MESH,2,DOID:5845|DOID:5855
MESH:D062625,MESH,2,DOID:5477|DOID:5482
MIM:115210,MIM,2,DOID:0111425|DOID:397
MIM:137400,MIM,2,DOID:11514|DOID:1455
MIM:246900,MIM,2,DOID:0061204|DOID:9269
MIM:258040,MIM,2,DOID:0080173|DOID:0080175
MIM:276900,MIM,2,DOID:0070655|DOID:0110826
MIM:308230,MIM,2,DOID:0060022|DOID:6620
MIM:610256,MIM,2,DOID:0080607|DOID:11367
MIM:613454,MIM,2,DOID:0070657|DOID:1206
MIM:614563,MIM,2,DOID:0061144|DOID:0070043
MIM:616271,MIM,2,DOID:0081134|DOID:0110003
MIM:617169,MIM,2,DOID:0081218|DOID:0112104
NCIT:C120199,NCIT,2,DOID:0080656|DOID:14449
NCIT:C123245,NCIT,2,DOID:0080654|DOID:580
NCIT:C129977,NCIT,2,DOID:0080130|DOID:0080335
NCIT:C156433,NCIT,2,DOID:0111868|DOID:0111873
NCIT:C165527,NCIT,2,DOID:0050440|DOID:0070202
NCIT:C27871,NCIT,2,DOID:0111962|DOID:628
NCIT:C2970,NCIT,2,DOID:0080202|DOID:4866
NCIT:C3307,NCIT,2,DOID:10175|DOID:146
NCIT:C34418,NCIT,2,DOID:0070313|DOID:13725
NCIT:C35111,NCIT,2,DOID:11406|DOID:12574
NCIT:C35505,NCIT,2,DOID:0061139|DOID:3393
NCIT:C35806,NCIT,2,DOID:2797|DOID:2800
NCIT:C37262,NCIT,2,DOID:0060192|DOID:8778
NCIT:C3771,NCIT,2,DOID:0050938|DOID:3457
NCIT:C39750,NCIT,2,DOID:0080878|DOID:3068
NCIT:C4924,NCIT,2,DOID:0111866|DOID:2960
NCIT:C4978,NCIT,2,DOID:5672|DOID:9256
NCIT:C6971,NCIT,2,DOID:0080843|DOID:3565
NCIT:C75008,NCIT,2,DOID:0110948|DOID:9258
NCIT:C75467,NCIT,2,DOID:10595|DOID:2477
NCIT:C7644,NCIT,2,DOID:2775|DOID:2776
NCIT:C84562,NCIT,2,DOID:0111664|DOID:14793
NCIT:C84630,NCIT,2,DOID:0070648|DOID:1856
NCIT:C84636,NCIT,2,DOID:2536|DOID:5213
NCIT:C84648,NCIT,2,DOID:14717|DOID:422
NCIT:C84741,NCIT,2,DOID:0111044|DOID:0111049
NCIT:C84913,NCIT,2,DOID:0050759|DOID:450
NCIT:C8985,NCIT,2,DOID:5477|DOID:5482
NCIT:C9128,NCIT,2,DOID:0081088|DOID:8552
NCIT:C9309,NCIT,2,DOID:4440|DOID:5842
NCIT:C9357,NCIT,2,DOID:8567|DOID:8642
NCIT:C98997,NCIT,2,DOID:0060321|DOID:0060327
ORDO:103908,ORDO,2,DOID:0060777|DOID:0060781
ORDO:1147,ORDO,2,DOID:0050646|DOID:0111599
ORDO:1369,ORDO,2,DOID:0080132|DOID:0080335
ORDO:140957,ORDO,2,DOID:0060691|DOID:0090102
ORDO:171709,ORDO,2,DOID:0111156|DOID:0112312
ORDO:1826,ORDO,2,DOID:0111785|DOID:0111788
ORDO:1949,ORDO,2,DOID:14264|DOID:14777
ORDO:2134,ORDO,2,DOID:0080301|DOID:12554
ORDO:217569,ORDO,2,DOID:0080326|DOID:11984
ORDO:221061,ORDO,2,DOID:0060670|DOID:0060671
ORDO:2238,ORDO,2,DOID:0111387|DOID:11199
ORDO:231183,ORDO,2,DOID:0110828|DOID:0110829
ORDO:256,ORDO,2,DOID:0060730|DOID:0090058
ORDO:2593,ORDO,2,DOID:0080089|DOID:0080686
ORDO:2828,ORDO,2,DOID:0060894|DOID:14330
ORDO:289157,ORDO,2,DOID:0080886|DOID:0080887
ORDO:298,ORDO,2,DOID:0080119|DOID:0080123
ORDO:30925,ORDO,2,DOID:0081059|DOID:12388
ORDO:323,ORDO,2,DOID:0060821|DOID:14711
ORDO:34527,ORDO,2,DOID:0060882|DOID:0060884
ORDO:401849,ORDO,2,DOID:0070642|DOID:0110817
ORDO:425,ORDO,2,DOID:0080957|DOID:0080958
ORDO:478,ORDO,2,DOID:0090070|DOID:3614
ORDO:59135,ORDO,2,DOID:0070197|DOID:11720
ORDO:596,ORDO,2,DOID:0111225|DOID:14717
ORDO:602,ORDO,2,DOID:0080718|DOID:0081363
ORDO:75376,ORDO,2,DOID:0060745|DOID:0060746
ORDO:75392,ORDO,2,DOID:0080986|DOID:0080987
ORDO:756,ORDO,2,DOID:0060854|DOID:0060855
ORDO:77258,ORDO,2,DOID:0080376|DOID:14743
ORDO:776,ORDO,2,DOID:0060821|DOID:0080985
ORDO:79452,ORDO,2,DOID:0050580|DOID:0070212
ORDO:862,ORDO,2,DOID:4890|DOID:4990
ORDO:88661,ORDO,2,DOID:0060945|DOID:2187
ORDO:88919,ORDO,2,DOID:0051080|DOID:0110033
ORDO:90636,ORDO,2,DOID:0050565|DOID:0110489
ORDO:93160,ORDO,2,DOID:0080884|DOID:0080885
ORDO:95433,ORDO,2,DOID:0080786|DOID:0081433
ORDO:97360,ORDO,2,DOID:0060254|DOID:0060767
ORDO:98809,ORDO,2,DOID:0090053|DOID:0090054
ORDO:98810,ORDO,2,DOID:0090047|DOID:0090049
ORDO:98819,ORDO,2,DOID:0060753|DOID:0060755
ORDO:99772,ORDO,2,DOID:0110214|DOID:674
ORDO:99843,ORDO,2,DOID:0070255|DOID:0080492
SNOMEDCT_US_2025_09_01:1010606009,SNOMEDCT_US_2025_09_01,2,DOID:0110948|DOID:9258
SNOMEDCT_US_2025_09_01:1010610007,SNOMEDCT_US_2025_09_01,2,DOID:0050439|DOID:0110829
SNOMEDCT_US_2025_09_01:10705005,SNOMEDCT_US_2025_09_01,2,DOID:2700|DOID:6468
SNOMEDCT_US_2025_09_01:111468003,SNOMEDCT_US_2025_09_01,2,DOID:1098|DOID:11244
SNOMEDCT_US_2025_09_01:118599009,SNOMEDCT_US_2025_09_01,2,DOID:8567|DOID:8642
SNOMEDCT_US_2025_09_01:1197745002,SNOMEDCT_US_2025_09_01,2,DOID:0050440|DOID:0070204
SNOMEDCT_US_2025_09_01:1204415006,SNOMEDCT_US_2025_09_01,2,DOID:0080786|DOID:0081433
SNOMEDCT_US_2025_09_01:128209004,SNOMEDCT_US_2025_09_01,2,DOID:2536|DOID:5213
SNOMEDCT_US_2025_09_01:129459004,SNOMEDCT_US_2025_09_01,2,DOID:2797|DOID:2800
SNOMEDCT_US_2025_09_01:154268000,SNOMEDCT_US_2025_09_01,2,DOID:12384|DOID:13250
SNOMEDCT_US_2025_09_01:154391003,SNOMEDCT_US_2025_09_01,2,DOID:13778|DOID:2297
SNOMEDCT_US_2025_09_01:154625006,SNOMEDCT_US_2025_09_01,2,DOID:1475|DOID:255
SNOMEDCT_US_2025_09_01:154655004,SNOMEDCT_US_2025_09_01,2,DOID:12361|DOID:7997
SNOMEDCT_US_2025_09_01:154730001,SNOMEDCT_US_2025_09_01,2,DOID:12328|DOID:13579
SNOMEDCT_US_2025_09_01:154752005,SNOMEDCT_US_2025_09_01,2,DOID:12678|DOID:12679
SNOMEDCT_US_2025_09_01:154801000,SNOMEDCT_US_2025_09_01,2,DOID:13628|DOID:2373
SNOMEDCT_US_2025_09_01:155024003,SNOMEDCT_US_2025_09_01,2,DOID:10969|DOID:1969
SNOMEDCT_US_2025_09_01:155095006,SNOMEDCT_US_2025_09_01,2,DOID:11723|DOID:9884
SNOMEDCT_US_2025_09_01:155096007,SNOMEDCT_US_2025_09_01,2,DOID:0050759|DOID:450
SNOMEDCT_US_2025_09_01:155244001,SNOMEDCT_US_2025_09_01,2,DOID:7439|DOID:869
SNOMEDCT_US_2025_09_01:155324005,SNOMEDCT_US_2025_09_01,2,DOID:8514|DOID:8517
SNOMEDCT_US_2025_09_01:155528009,SNOMEDCT_US_2025_09_01,2,DOID:10793|DOID:9312
SNOMEDCT_US_2025_09_01:155581001,SNOMEDCT_US_2025_09_01,2,DOID:14453|DOID:841
SNOMEDCT_US_2025_09_01:157033002,SNOMEDCT_US_2025_09_01,2,DOID:13515|DOID:758
SNOMEDCT_US_2025_09_01:16644004,SNOMEDCT_US_2025_09_01,2,DOID:12170|DOID:12171
SNOMEDCT_US_2025_09_01:1855002,SNOMEDCT_US_2025_09_01,2,DOID:1059|DOID:8927
SNOMEDCT_US_2025_09_01:186242002,SNOMEDCT_US_2025_09_01,2,DOID:0050166|DOID:2148
SNOMEDCT_US_2025_09_01:186298002,SNOMEDCT_US_2025_09_01,2,DOID:14239|DOID:2123
SNOMEDCT_US_2025_09_01:188083002,SNOMEDCT_US_2025_09_01,2,DOID:305|DOID:4840
SNOMEDCT_US_2025_09_01:189051001,SNOMEDCT_US_2025_09_01,2,DOID:2065|DOID:3178
SNOMEDCT_US_2025_09_01:189683008,SNOMEDCT_US_2025_09_01,2,DOID:6067|DOID:6214
SNOMEDCT_US_2025_09_01:190451000,SNOMEDCT_US_2025_09_01,2,DOID:13543|DOID:3341
SNOMEDCT_US_2025_09_01:190559001,SNOMEDCT_US_2025_09_01,2,DOID:3614|DOID:5003
SNOMEDCT_US_2025_09_01:190639009,SNOMEDCT_US_2025_09_01,2,DOID:10573|DOID:10609
SNOMEDCT_US_2025_09_01:190867002,SNOMEDCT_US_2025_09_01,2,DOID:4183|DOID:4184
SNOMEDCT_US_2025_09_01:190936000,SNOMEDCT_US_2025_09_01,2,DOID:12799|DOID:12801
SNOMEDCT_US_2025_09_01:193158000,SNOMEDCT_US_2025_09_01,2,DOID:0050539|DOID:10595
SNOMEDCT_US_2025_09_01:193388002,SNOMEDCT_US_2025_09_01,2,DOID:13214|DOID:7633
SNOMEDCT_US_2025_09_01:193687000,SNOMEDCT_US_2025_09_01,2,DOID:0050534|DOID:8498
SNOMEDCT_US_2025_09_01:193990009,SNOMEDCT_US_2025_09_01,2,DOID:9935|DOID:9937
SNOMEDCT_US_2025_09_01:194346003,SNOMEDCT_US_2025_09_01,2,DOID:9848|DOID:9849
SNOMEDCT_US_2025_09_01:194736003,SNOMEDCT_US_2025_09_01,2,DOID:11502|DOID:57
SNOMEDCT_US_2025_09_01:195181000,SNOMEDCT_US_2025_09_01,2,DOID:13001|DOID:3410
SNOMEDCT_US_2025_09_01:195196001,SNOMEDCT_US_2025_09_01,2,DOID:13003|DOID:224
SNOMEDCT_US_2025_09_01:195794009,SNOMEDCT_US_2025_09_01,2,DOID:0050145|DOID:10456
SNOMEDCT_US_2025_09_01:195823002,SNOMEDCT_US_2025_09_01,2,DOID:0050161|DOID:974
SNOMEDCT_US_2025_09_01:196598004,SNOMEDCT_US_2025_09_01,2,DOID:4072|DOID:76
SNOMEDCT_US_2025_09_01:197332007,SNOMEDCT_US_2025_09_01,2,DOID:12550|DOID:13413
SNOMEDCT_US_2025_09_01:197397004,SNOMEDCT_US_2025_09_01,2,DOID:10211|DOID:11755
SNOMEDCT_US_2025_09_01:19897006,SNOMEDCT_US_2025_09_01,2,DOID:3512|DOID:6344
SNOMEDCT_US_2025_09_01:201189007,SNOMEDCT_US_2025_09_01,2,DOID:11155|DOID:11156
SNOMEDCT_US_2025_09_01:204197004,SNOMEDCT_US_2025_09_01,2,DOID:0060260|DOID:0060261
SNOMEDCT_US_2025_09_01:20425006,SNOMEDCT_US_2025_09_01,2,DOID:2479|DOID:2952
SNOMEDCT_US_2025_09_01:234951001,SNOMEDCT_US_2025_09_01,2,DOID:0050591|DOID:13714
SNOMEDCT_US_2025_09_01:239007005,SNOMEDCT_US_2025_09_01,2,DOID:0111664|DOID:14793
SNOMEDCT_US_2025_09_01:239133004,SNOMEDCT_US_2025_09_01,2,DOID:0060256|DOID:0060258
SNOMEDCT_US_2025_09_01:2435008,SNOMEDCT_US_2025_09_01,2,DOID:3108|DOID:456
SNOMEDCT_US_2025_09_01:254582000,SNOMEDCT_US_2025_09_01,2,DOID:1993|DOID:1996
SNOMEDCT_US_2025_09_01:254708001,SNOMEDCT_US_2025_09_01,2,DOID:5667|DOID:7566
SNOMEDCT_US_2025_09_01:254719003,SNOMEDCT_US_2025_09_01,2,DOID:5442|DOID:5443
SNOMEDCT_US_2025_09_01:266205000,SNOMEDCT_US_2025_09_01,2,DOID:10113|DOID:11100
SNOMEDCT_US_2025_09_01:266213004,SNOMEDCT_US_2025_09_01,2,DOID:10371|DOID:13819
SNOMEDCT_US_2025_09_01:266225001,SNOMEDCT_US_2025_09_01,2,DOID:11080|DOID:9965
SNOMEDCT_US_2025_09_01:266648001,SNOMEDCT_US_2025_09_01,2,DOID:1003|DOID:10974
SNOMEDCT_US_2025_09_01:267491008,SNOMEDCT_US_2025_09_01,2,DOID:13725|DOID:8457
SNOMEDCT_US_2025_09_01:267693003,SNOMEDCT_US_2025_09_01,2,DOID:4873|DOID:767
SNOMEDCT_US_2025_09_01:267746003,SNOMEDCT_US_2025_09_01,2,DOID:11175|DOID:930
SNOMEDCT_US_2025_09_01:268308005,SNOMEDCT_US_2025_09_01,2,DOID:0060326|DOID:1088
SNOMEDCT_US_2025_09_01:269513004,SNOMEDCT_US_2025_09_01,2,DOID:162|DOID:305
SNOMEDCT_US_2025_09_01:269640007,SNOMEDCT_US_2025_09_01,2,DOID:1618|DOID:1625
SNOMEDCT_US_2025_09_01:269643009,SNOMEDCT_US_2025_09_01,2,DOID:12689|DOID:3565
SNOMEDCT_US_2025_09_01:270893004,SNOMEDCT_US_2025_09_01,2,DOID:10352|DOID:5998
SNOMEDCT_US_2025_09_01:286934009,SNOMEDCT_US_2025_09_01,2,DOID:2560|DOID:9975
SNOMEDCT_US_2025_09_01:29260007,SNOMEDCT_US_2025_09_01,2,DOID:0060025|DOID:11701
SNOMEDCT_US_2025_09_01:301990003,SNOMEDCT_US_2025_09_01,2,DOID:0050004|DOID:10400
SNOMEDCT_US_2025_09_01:359842002,SNOMEDCT_US_2025_09_01,2,DOID:1187|DOID:12529
SNOMEDCT_US_2025_09_01:40293003,SNOMEDCT_US_2025_09_01,2,DOID:2609|DOID:4993
SNOMEDCT_US_2025_09_01:4032000,SNOMEDCT_US_2025_09_01,2,DOID:0060643|DOID:14268
SNOMEDCT_US_2025_09_01:42215000,SNOMEDCT_US_2025_09_01,2,DOID:3722|DOID:9541
SNOMEDCT_US_2025_09_01:423488006,SNOMEDCT_US_2025_09_01,2,DOID:10175|DOID:146
SNOMEDCT_US_2025_09_01:443675005,SNOMEDCT_US_2025_09_01,2,DOID:4440|DOID:5842
SNOMEDCT_US_2025_09_01:45406000,SNOMEDCT_US_2025_09_01,2,DOID:13139|DOID:4776
SNOMEDCT_US_2025_09_01:47382004,SNOMEDCT_US_2025_09_01,2,DOID:0050133|DOID:1563
SNOMEDCT_US_2025_09_01:47839005,SNOMEDCT_US_2025_09_01,2,DOID:0050152|DOID:3240
SNOMEDCT_US_2025_09_01:4797003,SNOMEDCT_US_2025_09_01,2,DOID:3112|DOID:4465
SNOMEDCT_US_2025_09_01:49324006,SNOMEDCT_US_2025_09_01,2,DOID:0060321|DOID:0060327
SNOMEDCT_US_2025_09_01:51720005,SNOMEDCT_US_2025_09_01,2,DOID:0111044|DOID:0111049
SNOMEDCT_US_2025_09_01:52585001,SNOMEDCT_US_2025_09_01,2,DOID:11446|DOID:12528
SNOMEDCT_US_2025_09_01:52868006,SNOMEDCT_US_2025_09_01,2,DOID:0060316|DOID:4501
SNOMEDCT_US_2025_09_01:54711002,SNOMEDCT_US_2025_09_01,2,DOID:3086|DOID:5338
SNOMEDCT_US_2025_09_01:55802003,SNOMEDCT_US_2025_09_01,2,DOID:12168|DOID:4613
SNOMEDCT_US_2025_09_01:55937004,SNOMEDCT_US_2025_09_01,2,DOID:169|DOID:1800
SNOMEDCT_US_2025_09_01:56096001,SNOMEDCT_US_2025_09_01,2,DOID:11724|DOID:11727
SNOMEDCT_US_2025_09_01:56763007,SNOMEDCT_US_2025_09_01,2,DOID:2775|DOID:2776
SNOMEDCT_US_2025_09_01:58459009,SNOMEDCT_US_2025_09_01,2,DOID:14504|DOID:1927
SNOMEDCT_US_2025_09_01:5867007,SNOMEDCT_US_2025_09_01,2,DOID:0060321|DOID:0060327
SNOMEDCT_US_2025_09_01:60368009,SNOMEDCT_US_2025_09_01,2,DOID:13918|DOID:4737
SNOMEDCT_US_2025_09_01:6141006,SNOMEDCT_US_2025_09_01,2,DOID:10175|DOID:6929
SNOMEDCT_US_2025_09_01:64572001,SNOMEDCT_US_2025_09_01,2,DOID:225|DOID:4
SNOMEDCT_US_2025_09_01:66514008,SNOMEDCT_US_2025_09_01,2,DOID:11847|DOID:5844
SNOMEDCT_US_2025_09_01:703536004,SNOMEDCT_US_2025_09_01,2,DOID:0080315|DOID:0080316
SNOMEDCT_US_2025_09_01:715439000,SNOMEDCT_US_2025_09_01,2,DOID:0050440|DOID:0070202
SNOMEDCT_US_2025_09_01:725035001,SNOMEDCT_US_2025_09_01,2,DOID:0050440|DOID:0070207
SNOMEDCT_US_2025_09_01:73013002,SNOMEDCT_US_2025_09_01,2,DOID:3817|DOID:5656
SNOMEDCT_US_2025_09_01:73676002,SNOMEDCT_US_2025_09_01,2,DOID:171|DOID:3369
SNOMEDCT_US_2025_09_01:7620006,SNOMEDCT_US_2025_09_01,2,DOID:0060192|DOID:8778
SNOMEDCT_US_2025_09_01:766879006,SNOMEDCT_US_2025_09_01,2,DOID:0111935|DOID:0111973
SNOMEDCT_US_2025_09_01:78303004,SNOMEDCT_US_2025_09_01,2,DOID:7614|DOID:7689
SNOMEDCT_US_2025_09_01:82049002,SNOMEDCT_US_2025_09_01,2,DOID:2615|DOID:7532
SNOMEDCT_US_2025_09_01:8847002,SNOMEDCT_US_2025_09_01,2,DOID:1123|DOID:2247
SNOMEDCT_US_2025_09_01:90039006,SNOMEDCT_US_2025_09_01,2,DOID:13934|DOID:1756
SNOMEDCT_US_2025_09_01:92818009,SNOMEDCT_US_2025_09_01,2,DOID:0081088|DOID:8552
SNOMEDCT_US_2025_09_01:93810008,SNOMEDCT_US_2025_09_01,2,DOID:3121|DOID:4948
SNOMEDCT_US_2025_09_01:93854002,SNOMEDCT_US_2025_09_01,2,DOID:5672|DOID:9256
UMLS:C0013369,UMLS,2,DOID:12384|DOID:13250
UMLS:C0019829,UMLS,2,DOID:8567|DOID:8642
UMLS:C0029294,UMLS,2,DOID:0060316|DOID:4501
UMLS:C0029512,UMLS,2,DOID:0060186|DOID:0060187
UMLS:C0029581,UMLS,2,DOID:0050161|DOID:974
UMLS:C0029835,UMLS,2,DOID:14239|DOID:2123
UMLS:C0030353,UMLS,2,DOID:10175|DOID:146
UMLS:C0032290,UMLS,2,DOID:0050152|DOID:3240
UMLS:C0036631,UMLS,2,DOID:4440|DOID:5842
UMLS:C0085786,UMLS,2,DOID:2797|DOID:2800
UMLS:C0152828,UMLS,2,DOID:0050166|DOID:2148
UMLS:C0155671,UMLS,2,DOID:8514|DOID:8517
UMLS:C0156147,UMLS,2,DOID:0060192|DOID:8778
UMLS:C0162359,UMLS,2,DOID:0111664|DOID:14793
UMLS:C0162538,UMLS,2,DOID:0060025|DOID:11701
UMLS:C0242420,UMLS,2,DOID:10175|DOID:6929
UMLS:C0264774,UMLS,2,DOID:11502|DOID:57
UMLS:C0272302,UMLS,2,DOID:0111044|DOID:0111049
UMLS:C0334317,UMLS,2,DOID:5477|DOID:5482
UMLS:C0334556,UMLS,2,DOID:2775|DOID:2776
UMLS:C0346629,UMLS,2,DOID:5672|DOID:9256
UMLS:C0393819,UMLS,2,DOID:2536|DOID:5213
UMLS:C0399352,UMLS,2,DOID:0050591|DOID:13714
UMLS:C0406811,UMLS,2,DOID:0060256|DOID:0060258
UMLS:C0520482,UMLS,2,DOID:13918|DOID:4737
UMLS:C0553604,UMLS,2,DOID:0050759|DOID:450
UMLS:C0578661,UMLS,2,DOID:0050004|DOID:10400
UMLS:C0795690,UMLS,2,DOID:0060321|DOID:0060327
UMLS:C1306122,UMLS,2,DOID:0050534|DOID:8498
UMLS:C1306503,UMLS,2,DOID:0060321|DOID:0060327
UMLS:C1334698,UMLS,2,DOID:0080843|DOID:3565
UMLS:C1568248,UMLS,2,DOID:0110828|DOID:0110829
UMLS:C1720859,UMLS,2,DOID:0050440|DOID:0070207
UMLS:C1720860,UMLS,2,DOID:0050440|DOID:0070202
UMLS:C1720861,UMLS,2,DOID:0050440|DOID:0070204
UMLS:C1847800,UMLS,2,DOID:0110948|DOID:9258
UMLS:C1849094,UMLS,2,DOID:0080786|DOID:0081433
UMLS:C1858854,UMLS,2,DOID:0080315|DOID:0080316
